car_name_fixed,city,showroom_name,manufacturing_year,trim,body_type,color,product,invygo_baseprice,starter_fee,sto_contract_length,car_condition,vehicle_category
Yukon,Riyadh,Riyadh - Alawali,"2,023",STD,SUV,Black,STS,"3,880",,,NEW,SUV
Yaris,Riyadh,Riyadh - Dhahrat Laban - Pickup,"2,026",Y,Sedan,White,STO,"2,500","2,750",36,USED,Compact
Yaris,Riyadh,Riyadh - Dhahrat Laban - Pickup,"2,026",Y,Sedan,Gray,STO,"2,100","2,200",24,USED,Compact
Yaris,Riyadh,Riyadh - Dhahrat Laban - Pickup,"2,026",Y,Sedan,White,STO,"2,050","2,350",30,USED,Compact
Pegas,Riyadh,Riyadh - Al Yarmuk,"2,026",STD,Sedan,Grey,STS,600,,,NEW,Compact
Yaris,Riyadh,Riyadh - As Sulimaniyah - Pickup,"2,026",Y,Sedan,Silver,STO,"2,300","2,500",36,NEW,Compact
S450,Jeddah,Jeddah - Madina Al-Munawarah,"2,026",STD,Sedan,Black,STS,"13,685",,,NEW,Luxury
GT,Riyadh,Riyadh - An Nahdah,"2,024",STD,Sedan,Grey,STS,750,,,NEW,Sedan
GT,Riyadh,Riyadh - An Nahdah,"2,024",STD,Sedan,Grey,STS,750,,,NEW,Sedan
City,Riyadh,Riyadh - Al Yarmuk,"2,024",STD,Sedan,White,STS,750,,,NEW,Compact
GT,Riyadh,Riyadh - Al Falah,"2,024",STD,Sedan,Grey,MONTHLY,"3,079",,,NEW,Sedan
Accent,Dammam,Dammam - Al Itisalat,"2,023",Smart Plus,Sedan,Silver,MONTHLY,"2,419",,,NEW,Compact
Eado,Riyadh,Daily Riyadh - Al Aqiq,"2,022",Plus,Sedan,Black,STS,"1,060",,,NEW,Sedan
Yaris,Riyadh,Riyadh - Al Khaleej,"2,024",Y,Sedan,White,STS,"1,071",,,NEW,Compact
Raize,Riyadh,Riyadh - Dhahrat Laban - Pickup,"2,026",XLE,SUV,Silver,STO,"2,300","2,650",36,NEW,Crossover
Accent,Jeddah,Jeddah - Palestine,"2,025",Fleet,Sedan,White,MONTHLY,"2,459",,,NEW,Compact
Yaris,Jeddah,Jeddah - Al Fayha - Pickup,"2,026",Y,Sedan,Gray,STO,"2,300","2,500",36,USED,Compact
Accent,Jeddah,Jeddah - An Nuzhah - Pickup,"2,026",Fleet,Sedan,Gray,STO,"2,500","1,200",36,NEW,Compact
Accent,Riyadh,Riyadh - Al Quds - Pickup,"2,026",Fleet,Sedan,Gray,STO,"2,350","2,600",36,NEW,Compact
Accent,Jeddah,Jeddah - Ar Rabwah - Pickup,"2,026",Fleet,Sedan,Gray,STO,"2,350","2,600",36,NEW,Compact
Elantra,Jeddah,Jeddah - Ar Rabwah - Pickup,"2,026",Smart,Sedan,Silver,STO,"2,925","3,200",36,NEW,Sedan
Jolion,Jeddah,Jeddah - Al Sanabel  - Pickup,"2,026",STD,Hatchback,White,STO,"2,650","1,400",36,NEW,Crossover
Jolion,Riyadh,Riyadh - As Sulimaniyah - Pickup,"2,026",Basic,Hatchback,Gray,STO,"2,650","1,400",36,NEW,Crossover
GT,Jeddah,Jeddah - Bani Malik,"2,022",STD,Sedan,Yellow,MONTHLY,"2,279",,,NEW,Sedan
Yaris,Jeddah,Jeddah - Ar Rawdah,"2,023",Y,Sedan,White,MONTHLY,"2,439",,,NEW,Compact
Grand i10,Riyadh,Riyadh - Qurtubah,"2,025",GLS,Sedan,Silver,MONTHLY,"1,959",,,NEW,Compact
Dzire,Riyadh,Riyadh - Qurtubah,"2,023",GL,Sedan,Grey,STS,742,,,NEW,Sedan
Yukon,Riyadh,Riyadh - Qurtubah,"2,023",STD,SUV,Black,STS,"3,880",,,NEW,SUV
Yaris,Riyadh,Riyadh - As Sulimaniyah - Pickup,"2,026",Y,Sedan,Gray,STO,"2,300","2,500",36,NEW,Compact
Sunny,Riyadh,Riyadh - Al Yarmuk,"2,024",STD,Sedan,Silver,STS,600,,,NEW,Compact
Corolla,Riyadh,Riyadh - Al Yarmuk,"2,024",STD,Sedan,Black,STS,750,,,NEW,Sedan
Corolla,Riyadh,Riyadh - Al Falah,"2,024",STD,Sedan,Black,STS,750,,,NEW,Sedan
Elantra,Riyadh,Riyadh - Al Sahaba,"2,024",Fleet,Sedan,White,MONTHLY,"3,109",,,NEW,Sedan
Yaris,Jeddah,Jeddah - Al Fayha - Pickup,"2,026",Y,Sedan,White,STO,"2,300","2,500",36,NEW,Compact
Dzire,Riyadh,Riyadh - Al jazirah,"2,026",GL,Sedan,White,STS,770,,,NEW,Sedan
Accent,Riyadh,Riyadh - Al Quds - Pickup,"2,026",Fleet,Sedan,Gray,STO,"2,350","2,600",36,NEW,Compact
Accent,Riyadh,Riyadh - Al Quds - Pickup,"2,026",Fleet,Sedan,Gray,STO,"2,350","2,600",36,NEW,Compact
RX5,Riyadh,Riyadh - Al Rawdah,"2,022",STD,SUV,Black,STS,860,,,NEW,Crossover
Jolion,Riyadh,Riyadh - As Sulimaniyah - Pickup,"2,026",Basic,Hatchback,Black,STO,"2,650","1,400",36,NEW,Crossover
Jolion,Jeddah,Jeddah - Al Sanabel  - Pickup,"2,026",STD,Hatchback,Black,STO,"2,650","1,400",36,NEW,Crossover
GT,Riyadh,Riyadh - Al Aziziyah,"2,022",STD,Sedan,Yellow,MONTHLY,"2,339",,,NEW,Sedan
Pegas,Riyadh,Riyadh - Urubah,"2,024",LX,Sedan,Grey,STS,600,,,NEW,Compact
i10,Jeddah,Jeddah - Salamah - Pickup,"2,023",MPI,Sedan,White,MONTHLY,"1,800","1,900",,USED,Compact
5,Dammam,Dammam - Al Itisalat,"2,022",Mid Option,Sedan,Blue,STS,"1,089",,,NEW,Compact
Taurus,Riyadh,Riyadh - Al Maizilah,"2,025",Ambiente,Sedan,Black,MONTHLY,"7,109",,,NEW,Sedan
K3,Riyadh,Riyadh - Ar Rimal - Pickup,"2,025",STD,Sedan,Silver,STO,"2,400","2,650",24,USED,Compact
Yaris,Riyadh,Riyadh - As Sulimaniyah - Pickup,"2,026",Y,Sedan,Silver,STO,"2,300","2,500",36,NEW,Compact
Sonet,Riyadh,Riyadh - Al Yarmuk,"2,023",LX,Crossover,Gray,MONTHLY,"2,475","2,550",,USED,Crossover
Dzire,Riyadh,Riyadh - Qurtubah,"2,023",GL,Sedan,Grey,STS,742,,,NEW,Sedan
Accent,Jeddah,Jeddah - Ar Rawdah,"2,023",Smart Plus,Sedan,White,MONTHLY,"2,459",,,NEW,Compact
Accent,Riyadh,Riyadh - Alawali,"2,025",STD,Sedan,Black,STS,950,,,NEW,Compact
Accent,Riyadh,Riyadh - Alawali,"2,025",STD,Sedan,Silver,STS,950,,,NEW,Compact
Yaris,Riyadh,Riyadh - As Sulimaniyah - Pickup,"2,026",Y,Sedan,Silver,STO,"2,300","2,500",36,NEW,Compact
Sunny,Riyadh,Riyadh - Al Falah,"2,024",STD,Sedan,White,STS,600,,,NEW,Compact
GT,Riyadh,Riyadh - Al Yarmuk,"2,024",STD,Sedan,Grey,STS,750,,,NEW,Sedan
Corolla,Riyadh,Riyadh - Al Yarmuk,"2,024",STD,Sedan,Black,STS,750,,,NEW,Sedan
Elantra,Dammam,Dammam - Al Itisalat,"2,022",Fleet,Sedan,White,MONTHLY,"2,449",,,NEW,Sedan
Raize,Jeddah,Jeddah - An Nuzhah - Pickup,"2,026",XLE,SUV,White,STO,"2,300","2,650",36,NEW,Crossover
Pegas,Riyadh,Riyadh - As Sulimaniyah,"2,026",STD,Sedan,Silver,STS,950,,,NEW,Compact
5,Riyadh,Riyadh - An Nasim Al Gharbi - Pickup,"2,025",STD,Sedan,Silver,STO,"1,975","2,300",36,NEW,Compact
Corolla,Riyadh,Riyadh - As Sahabah,"2,026",XLI,Sedan,White,STS,980,,,NEW,Sedan
Accent,Jeddah,Jeddah - Ar Rabwah - Pickup,"2,026",Fleet,Sedan,Gray,STO,"2,350","2,600",36,NEW,Compact
Elantra,Riyadh,Riyadh - Al Quds - Pickup,"2,026",Smart,Sedan,Gray,STO,"2,925","1,700",36,NEW,Sedan
i10,Jeddah,Jeddah - Sanabel,"2,026",MPI,Sedan,White,MONTHLY,"1,909",,,NEW,Compact
Accent,Madinah,Madinah - Khalid Ibn Al Walid,"2,023",Smart Plus,Sedan,Silver,MONTHLY,"1,999",,,NEW,Compact
Sonet,Riyadh,Riyadh - Al Yarmuk,"2,023",LX,Crossover,Gray,MONTHLY,"2,719","2,599",,USED,Crossover
Accent,Jeddah,Jeddah - Bani Malik,"2,024",Smart,Sedan,White,MONTHLY,"2,250",,,NEW,Compact
Coolray,Riyadh,Riyadh - As Sulimaniyah - Pickup,"2,026",GL,Crossover,Gray,STO,"2,500","2,750",24,USED,Crossover
Yaris,Riyadh,Riyadh - As Sulimaniyah - Pickup,"2,026",Y,Sedan,Silver,STO,"2,300","2,500",36,NEW,Compact
Yaris,Riyadh,Riyadh - As Sulimaniyah - Pickup,"2,026",Y,Sedan,Silver,STO,"2,300","2,500",36,NEW,Compact
520,Jeddah,Jeddah - Madina Al-Munawarah,"2,026",STD,Sedan,White,MONTHLY,"23,969",,,NEW,Sedan
Kicks,Al Khobar,Al Khobar -  Al-Thuqbah,"2,024",S,SUV,Blue,MONTHLY,"3,079",,,NEW,Crossover
5,Riyadh,Riyadh - An Nasim Al Gharbi - Pickup,"2,025",STD,Sedan,White,STO,"1,975","2,175",36,USED,Compact
Creta,Riyadh,Riyadh - Dhahrat Laban - Pickup,"2,026",Fleet,SUV,Gray,STO,"2,725","3,000",36,NEW,Crossover
Emgrand,Riyadh,Daily Sulimaniyah Riyadh,"2,025",STD,Sedan,Brown,STS,740,,,NEW,Sedan
Elantra,Riyadh,Riyadh - Al Quds - Pickup,"2,026",Smart,Sedan,Gray,STO,"2,925","1,700",36,NEW,Sedan
Jolion,Jeddah,Jeddah - Al Sanabel  - Pickup,"2,026",STD,Hatchback,Gray,STO,"2,650","1,400",36,NEW,Crossover
Arrizo 5,Jeddah,Jeddah - Bani Malik,"2,023",Comfort,Sedan,White,MONTHLY,"1,879",,,NEW,Sedan
Sonet,Riyadh,Riyadh - Al Yarmuk,"2,023",LX,Crossover,Silver,MONTHLY,"2,475","2,550",,USED,Crossover
Pegas,Riyadh,Riyadh - An Nahdah (Pick up),"2,025",LX,Sedan,Gray,STO,"1,800","2,000",24,USED,Compact
Yaris,Riyadh,Riyadh - As Sulimaniyah - Pickup,"2,026",Y,Sedan,Silver,STO,"2,300","2,500",36,NEW,Compact
Sunny,Riyadh,Riyadh - Al Yarmuk,"2,024",STD,Sedan,Silver,STS,600,,,NEW,Compact
City,Riyadh,Riyadh - An Nahdah,"2,024",STD,Sedan,White,STS,750,,,NEW,Compact
City,Riyadh,Riyadh - Al Falah,"2,024",STD,Sedan,White,STS,750,,,NEW,Compact
City,Riyadh,Riyadh - Al Falah,"2,024",STD,Sedan,White,STS,750,,,NEW,Compact
Corolla,Riyadh,Riyadh - Al Yarmuk,"2,024",STD,Sedan,Black,STS,750,,,NEW,Sedan
Elantra,Dammam,Dammam - Al Itisalat,"2,022",Fleet,Sedan,White,MONTHLY,"2,449",,,NEW,Sedan
735,Riyadh,Riyadh - Alawali,"2,024",STD,Sedan,Black,MONTHLY,"34,089",,,NEW,Luxury
Alsvin,Al Khobar,Al Khobar -  Al-Thuqbah,"2,024",STD,Sedan,White,MONTHLY,"2,079",,,NEW,Sedan
5,Riyadh,Riyadh - An Nasim Al Gharbi - Pickup,"2,025",STD,Sedan,Silver,STO,"1,975","2,300",36,NEW,Compact
Kona,Riyadh,Daily Riyadh - Al Aqiq,"2,022",Smart,Crossover,Black,STS,"1,020",,,NEW,Crossover
Creta,Riyadh,Riyadh - Dhahrat Laban - Pickup,"2,026",Fleet,SUV,Silver,STO,"2,725","3,000",36,NEW,Crossover
Accent,Jeddah,Jeddah - Ar Rabwah - Pickup,"2,026",Fleet,Sedan,Gray,STO,"2,350","2,600",36,NEW,Compact
Kona,Riyadh,Riyadh - King Faisal,"2,023",Smart,Crossover,White,MONTHLY,"2,700",,,USED,Crossover
Sonet,Riyadh,Riyadh - Al Yarmuk,"2,023",LX,Crossover,White,STO,"2,325","2,675",6,USED,Crossover
Corolla,Jeddah,Jeddah - Bani Malik,"2,023",XLI,Sedan,White,MONTHLY,"3,569",,,NEW,Sedan
Dzire,Riyadh,Riyadh - Al Aqiq,"2,023",GL,Sedan,Grey,STS,742,,,NEW,Sedan
5,Riyadh,Riyadh - Dhahrat Laban - Pickup,"2,025",STD,Sedan,White,STO,"2,050","2,575",36,NEW,Compact
Pegas,Riyadh,Riyadh - Dhahrat Laban - Pickup,"2,025",LX,Sedan,White,STO,"1,700","1,950",24,USED,Compact
Yaris,Riyadh,Riyadh - Suwaidi,"2,026",Y,Sedan,Gray,STO,"2,050","2,350",30,USED,Compact
Corolla,Riyadh,Riyadh - Al Yarmuk,"2,024",STD,Sedan,Black,STS,750,,,NEW,Sedan
Corolla,Riyadh,Riyadh - An Nahdah,"2,024",STD,Sedan,Black,STS,750,,,NEW,Sedan
Pegas,Riyadh,Riyadh - Al Khaleej,"2,022",LX,Sedan,White,STS,980,,,NEW,Compact
Elantra,Dammam,Dammam - Al Rawdah,"2,024",Fleet,Sedan,White,STS,980,,,NEW,Sedan
Elantra,Jeddah,Jeddah - Palestine,"2,024",Fleet,Sedan,White,MONTHLY,"3,109",,,NEW,Sedan
Pegas,Riyadh,Ritadh - Al Areed,"2,026",LX,Sedan,White,MONTHLY,"1,879",,,NEW,Compact
Accent,Jeddah,Jeddah - An Nuzhah - Pickup,"2,026",Fleet,Sedan,Silver,STO,"2,500","1,200",36,NEW,Compact
Accent,Jeddah,Jeddah - Ar Rabwah - Pickup,"2,026",Fleet,Sedan,Gray,STO,"2,350","2,600",36,NEW,Compact
Cityray,Riyadh,Riyadh - Al Quds - Pickup,"2,026",GC,SUV,Gray,STO,"2,850","1,800",36,NEW,SUV
Creta,Jeddah,Jeddah - Ar Rabwah - Pickup,"2,026",Smart,SUV,Silver,STO,"2,825","3,100",36,NEW,Crossover
Elantra,Jeddah,Jeddah - Ar Rabwah - Pickup,"2,026",Smart,Sedan,Gray,STO,"2,925","3,200",36,NEW,Sedan
2008,Riyadh,Riyadh - Al Faisaliyyah - STO - Pickup,"2,023",Allure,Suv,Gray,MONTHLY,"2,850","3,025",,USED,Crossover
Accent,Riyadh,Riyadh - As Sulimaniyah - Pickup,"2,025",Fleet,Sedan,Gray,STO,"1,900","2,100",12,USED,Compact
Yaris,Riyadh,Riyadh - Ishbiliah - Pickup,"2,024",Y,Sedan,White,STO,"2,015","2,225",24,USED,Compact
Dzire,Riyadh,Riyadh - Al Yarmuk,"2,024",GL,Sedan,White,STS,679,,,NEW,Sedan
Pegas,Riyadh,Riyadh - Al Yarmuk,"2,026",STD,Sedan,Grey,STS,600,,,NEW,Compact
Yaris,Riyadh,Riyadh - As Sulimaniyah - Pickup,"2,026",Y,Sedan,Silver,STO,"2,300","2,500",36,NEW,Compact
Yaris,Riyadh,Riyadh - As Sulimaniyah - Pickup,"2,026",Y,Sedan,Gray,STO,"2,300","2,500",36,NEW,Compact
Pegas,Riyadh,Riyadh - An Nahdah,"2,026",STD,Sedan,Grey,STS,600,,,NEW,Compact
Dzire,Jeddah,Jeddah - Palestine,"2,024",GL,Sedan,Blue,MONTHLY,"2,039",,,NEW,Sedan
Cityray,Jeddah,Jeddah - Ar Rabwah - Pickup,"2,026",GC,SUV,Gray,STO,"2,850","3,300",36,NEW,SUV
Jolion,Jeddah,Jeddah - Al Sanabel  - Pickup,"2,026",STD,Hatchback,Gray,STO,"2,650","1,400",36,NEW,Crossover
Jolion,Riyadh,Riyadh - As Sulimaniyah - Pickup,"2,026",Basic,Hatchback,Gray,STO,"2,650","1,400",36,NEW,Crossover
Jolion,Jeddah,Jeddah - Al Sanabel  - Pickup,"2,026",STD,Hatchback,Gray,STO,"2,650","1,400",36,NEW,Crossover
Jolion,Jeddah,Jeddah - Al Sanabel  - Pickup,"2,026",STD,Hatchback,Gray,STO,"2,650","1,400",36,NEW,Crossover
Coolray,Riyadh,Riyadh - Sulimaniyah,"2,024",GS,SUV,Brown,MONTHLY,"2,840",,,NEW,Crossover
Sunny,Jeddah,Dammam - Al Itisalat,"2,023",S,Sedan,Grey,STS,579,,,NEW,Compact
Sonet,Riyadh,Riyadh - Al Yarmuk,"2,023",LX,Crossover,Gray,MONTHLY,"2,475","2,655",,USED,Crossover
Sonet,Riyadh,Riyadh - Al Yarmuk,"2,023",LX,Crossover,Red,STO,"2,325","2,675",6,USED,Crossover
Corolla,Riyadh,Riyadh - Dhahrat Laban,"2,023",XLI,Sedan,White,MONTHLY,"3,459",,,NEW,Sedan
Taurus,Jeddah,Jeddah - Bani Malik,"2,022",Ambiente NG,Sedan,Black,MONTHLY,"7,379",,,NEW,Sedan
Taurus,Riyadh,Riyadh - Al Maizilah,"2,025",Ambiente,Sedan,Black,MONTHLY,"7,109",,,NEW,Sedan
Landtrek,Riyadh,Riyadh - An Narjis - Pickup,"2,023",4x4,Pickup,White,STO,"3,200","3,525",12,USED,Pickup
Yaris,Riyadh,Riyadh - Suwaidi,"2,026",Y,Sedan,Gray,STO,"2,050","2,350",30,USED,Compact
Yaris,Riyadh,Riyadh - As Sulimaniyah - Pickup,"2,026",Y,Sedan,Silver,STO,"2,300","2,500",36,NEW,Compact
Accent,Riyadh,Riyadh - As Sulimaniyah - Pickup,"2,026",Fleet,Sedan,White,STO,"1,950","2,250",30,USED,Compact
E200,Jeddah,Jeddah - Madina Al-Munawarah,"2,026",STD,Sedan,Black,MONTHLY,"25,259",,,NEW,Sedan
520,Jeddah,Jeddah - Madina Al-Munawarah,"2,026",STD,Sedan,Black,MONTHLY,"24,029",,,NEW,Sedan
Sunny,Riyadh,Riyadh - Al Yarmuk,"2,024",STD,Sedan,Silver,STS,600,,,NEW,Compact
i10,Riyadh,Riyadh - Al Quds,"2,023",MPI,Sedan,Silver,MONTHLY,"1,800",,,USED,Compact
Dzire,Riyadh,Riyadh -Al Murabba,"2,023",GL,Sedan,White,MONTHLY,"1,859",,,USED,Sedan
i10,Jeddah,JDH,"2,022",MPI,Hatchback,Silver,MONTHLY,"2,319",,,NEW,Compact
Yaris,Riyadh,Riyadh - As Sulimaniyah - Pickup,"2,026",Y,Sedan,Silver,STO,"2,300","2,500",36,NEW,Compact
Yaris,Riyadh,Riyadh - As Sulimaniyah - Pickup,"2,026",Y,Sedan,Silver,STO,"2,300","2,500",36,NEW,Compact
Captiva,Dammam,Riyadh - Tuwaiq,"2,025",STD,SUV,Grey,STS,"1,580",,,NEW,Crossover
GT,Riyadh,Riyadh - Al Yarmuk,"2,024",STD,Sedan,Grey,STS,750,,,NEW,Sedan
City,Riyadh,Riyadh - An Nahdah,"2,024",STD,Sedan,White,STS,750,,,NEW,Compact
Elantra,Al Khobar,Al Khobar -  Al-Thuqbah,"2,022",Fleet,Sedan,Grey,MONTHLY,"2,449",,,NEW,Sedan
735,Riyadh,Riyadh - Qurtubah,"2,024",STD,Sedan,Black,MONTHLY,"34,089",,,NEW,Luxury
6,Riyadh,Riyadh - Urubah,"2,023",S,Sedan,Blue,STS,"1,369",,,NEW,Sedan
500,Riyadh,Riyadh - Al Rawdah,"2,023",STD,Hatchback,Blue,MONTHLY,"4,769",,,NEW,Compact
5,Riyadh,Riyadh - An Nasim Al Gharbi - Pickup,"2,025",STD,Sedan,White,STO,"1,975","2,300",36,NEW,Compact
RX5,Riyadh,Riyadh - Al Rawdah,"2,022",STD,SUV,Silver,MONTHLY,"2,699",,,NEW,Crossover
Accent,Jeddah,Jeddah - An Nuzhah - Pickup,"2,026",Fleet,Sedan,Silver,STO,"2,500","1,200",36,NEW,Compact
Accent,Jeddah,Jeddah - Ar Rabwah - Pickup,"2,026",Fleet,Sedan,Gray,STO,"2,350","2,600",36,NEW,Compact
Cityray,Jeddah,Jeddah - Ar Rabwah - Pickup,"2,026",GC,SUV,Silver,STO,"2,850","3,300",36,NEW,SUV
Creta,Dammam,Dammam - Al Rawdah - Pickup,"2,026",Smart,SUV,Silver,STO,"2,825","3,100",36,NEW,Crossover
Elantra,Riyadh,Riyadh - Al Quds - Pickup,"2,026",Smart,Sedan,White,STO,"2,925","1,700",36,NEW,Sedan
Elantra,Riyadh,Riyadh - Al Quds - Pickup,"2,026",Smart,Sedan,White,STO,"2,925","1,700",36,NEW,Sedan
Jolion,Riyadh,Riyadh - As Sulimaniyah - Pickup,"2,026",Basic,Hatchback,Black,STO,"2,650","1,400",36,NEW,Crossover
Jolion,Jeddah,Jeddah - Al Sanabel  - Pickup,"2,026",STD,Hatchback,Black,STO,"2,650","1,400",36,NEW,Crossover
Accent,Mecca,Makkah - Alaziziyyah,"2,026",STD,Sedan,Grey,STS,860,,,NEW,Compact
Accent,Mecca,Makkah - Qadisyyah,"2,026",STD,Sedan,Grey,STS,860,,,NEW,Compact
Sonet,Riyadh,Riyadh - Al Yarmuk,"2,023",LX,Crossover,Gray,MONTHLY,"2,475","2,800",,USED,Crossover
Pegas,Dammam,Dammam - Al Itisalat,"2,023",LX,Sedan,Grey,MONTHLY,"2,029",,,NEW,Compact
Accent,Riyadh,Riyadh - Al Yarmuk,"2,025",Fleet,Sedan,Grey,MONTHLY,"3,079",,,NEW,Compact
Dzire,Riyadh,Riyadh - Al Wurud,"2,023",GL,Sedan,Grey,STS,639,,,NEW,Sedan
Yaris,Riyadh,Riyadh - An Nahdah (Pick - up ),"2,026",Y,Sedan,Silver,STO,"1,950","2,250",30,USED,Compact
Yaris,Jeddah,Jeddah - An Naseem (Pick-up),"2,026",Y,Sedan,Silver,STO,"2,100","2,325",30,USED,Compact
Yaris,Riyadh,Riyadh - As Sulimaniyah - Pickup,"2,026",Y,Sedan,Silver,STO,"2,300","2,500",36,NEW,Compact
Yaris,Riyadh,Riyadh - As Sulimaniyah - Pickup,"2,026",Y,Sedan,Gray,STO,"2,300","2,500",36,NEW,Compact
Sunny,Riyadh,Riyadh - An Nahdah,"2,024",STD,Sedan,White,STS,600,,,NEW,Compact
City,Riyadh,Riyadh - Al Yarmuk,"2,024",STD,Sedan,White,STS,750,,,NEW,Compact
Corolla,Riyadh,Riyadh - An Nahdah,"2,024",STD,Sedan,Black,STS,750,,,NEW,Sedan
5,Riyadh,Riyadh - An Nasim Al Gharbi - Pickup,"2,025",STD,Sedan,White,STO,"1,975","2,300",36,NEW,Compact
5,Riyadh,Riyadh - An Nasim Al Gharbi - Pickup,"2,025",STD,Sedan,Silver,STO,"1,975","2,300",36,NEW,Compact
Baleno,Riyadh,Riyadh - As Sulimaniyah - Pickup,"2,026",GL,Hatchback,White,STO,"2,350","1,750",24,NEW,Compact
Accent,Riyadh,Riyadh - As Sahabah,"2,026",Fleet,Sedan,White,STS,870,,,NEW,Compact
Accent,Jeddah,Jeddah - Ar Rabwah - Pickup,"2,026",Fleet,Sedan,Gray,STO,"2,350","2,600",36,NEW,Compact
Accent,Riyadh,Riyadh - Al Quds - Pickup,"2,026",Fleet,Sedan,Gray,STO,"2,350","2,600",36,NEW,Compact
Accent,Jeddah,Jeddah - Ar Rabwah - Pickup,"2,026",Fleet,Sedan,Gray,STO,"2,350","1,400",36,NEW,Compact
Cityray,Riyadh,Riyadh - Al Quds - Pickup,"2,026",GC,SUV,White,STO,"2,850","1,800",36,NEW,SUV
Elantra,Jeddah,Jeddah - Ar Rabwah - Pickup,"2,026",Smart,Sedan,White,STO,"2,925","3,200",36,NEW,Sedan
Tiggo 2,Riyadh,Riyadh - Al Rawdah,"2,024",STD,Crossover,White,STS,820,,,NEW,Crossover
Jolion,Jeddah,Jeddah - Al Sanabel  - Pickup,"2,026",STD,Hatchback,Black,STO,"2,650","1,400",36,NEW,Crossover
Elantra,Madinah,Madinah - Al Areed,"2,023",Fleet,Sedan,Grey,STS,830,,,NEW,Sedan
Sunny,Jeddah,JDH,"2,022",Classic,Sedan,White,MONTHLY,"2,349",,,NEW,Compact
Pegas,Riyadh,Riyadh - Alawali,"2,024",STD,Sedan,White,STS,650,,,NEW,Compact
City,Riyadh,Riyadh - Al Falah,"2,024",STD,Sedan,White,STS,750,,,NEW,Compact
Elantra,Dammam,Dammam - Al Itisalat,"2,022",Fleet,Sedan,White,MONTHLY,"2,449",,,NEW,Sedan
500,Dammam,Dammam - Al Itisalat,"2,024",STD,Hatchback,Black,MONTHLY,"4,389",,,NEW,Compact
Fortuner,Riyadh,Riyadh - Qurtubah,"2,025",STD,SUV,White,MONTHLY,"7,409",,,NEW,SUV
Sunny,Dammam,Dammam - Al Qadisyyah,"2,022",Classic,Sedan,White,STS,799,,,NEW,Compact
5,Riyadh,Riyadh - An Nasim Al Gharbi - Pickup,"2,025",STD,Sedan,Silver,STO,"1,975","2,300",36,NEW,Compact
Creta,Riyadh,Riyadh - Dhahrat Laban - Pickup,"2,026",Fleet,SUV,Silver,STO,"2,725","3,000",36,NEW,Crossover
Yaris,Riyadh,Riyadh - Ar Rimal - Pickup,"2,026",Y,Sedan,White,STO,"2,300","2,500",36,NEW,Compact
Yaris,Jeddah,Jeddah - Al Fayha - Pickup,"2,026",Y,Sedan,White,STO,"2,300","2,500",36,NEW,Compact
Kona,Riyadh,Riyadh - Al Quds - Pickup,"2,026",Smart,Crossover,Blue,STO,"3,000","3,300",36,NEW,Crossover
Cityray,Riyadh,Riyadh - Al Quds - Pickup,"2,026",GC,SUV,Gray,STO,"2,850","1,800",36,NEW,SUV
Kona,Jeddah,Jeddah - Ar Rabwah - Pickup,"2,026",Smart,Crossover,Blue,STO,"3,000","3,300",36,NEW,Crossover
i10,Jeddah,Jeddah - Salamah - Pickup,"2,023",MPI,Sedan,White,MONTHLY,"1,800","3,000",,USED,Compact
Yaris,Jeddah,Jeddah - Salamah - Pickup,"2,024",Y,Sedan,White,STO,"1,850","2,125",6,USED,Compact
Dzire,Riyadh,Riyadh - Al Wurud,"2,023",GL,Sedan,Grey,STS,742,,,NEW,Sedan
Elantra,Riyadh,Riyadh - As Sulimaniyah - Pickup,"2,026",Smart,Sedan,Gray,STO,"2,600","3,000",24,USED,Sedan
Yaris,Riyadh,Riyadh - Suwaidi,"2,026",Y,Sedan,Silver,STO,"2,050","2,350",1,USED,Compact
Sunny,Riyadh,Riyadh - An Nahdah,"2,024",STD,Sedan,White,STS,600,,,NEW,Compact
Kicks,Dammam,Dammam - Al Itisalat,"2,024",S,SUV,Blue,MONTHLY,"3,079",,,NEW,Crossover
5,Riyadh,Riyadh - An Nasim Al Gharbi - Pickup,"2,025",STD,Sedan,Silver,STO,"1,975","2,300",36,NEW,Compact
Yaris,Riyadh,Riyadh - Ar Rimal - Pickup,"2,026",Y,Sedan,Silver,STO,"2,300","2,500",36,NEW,Compact
Staria,Riyadh,فرع القدس - Al-Quds  branch,"2,023",STD,Minivan,Black,MONTHLY,"5,449",,,NEW,Minivan
Accent,Jeddah,Jeddah - An Nuzhah - Pickup,"2,026",Fleet,Sedan,Gray,STO,"2,500","1,200",36,NEW,Compact
Accent,Riyadh,Riyadh - Al Quds - Pickup,"2,026",Fleet,Sedan,Gray,STO,"2,350","2,600",36,NEW,Compact
Coolray,Riyadh,Daily Sulimaniyah Riyadh,"2,024",GS,Crossover,Brown,STS,940,,,NEW,Crossover
Sunny,Jeddah,Jeddah - Bani Malik,"2,023",S,Sedan,White,MONTHLY,"1,820",,,NEW,Compact
Pegas,Dammam,Dammam - Al Itisalat,"2,023",LX,Sedan,Grey,MONTHLY,"2,029",,,NEW,Compact
Taurus,Riyadh,Riyadh - Al Maizilah,"2,025",Ambiente,Sedan,Black,MONTHLY,"7,109",,,NEW,Sedan
K3,Jeddah,Jeddah - Salamah - Pickup,"2,025",STD,Sedan,White,STO,"1,950","2,250",24,USED,Compact
Yaris,Riyadh,Riyadh - As Sulimaniyah - Pickup,"2,026",Y,Sedan,Gray,STO,"2,300","2,500",36,NEW,Compact
6,Al Khobar,Al Khobar -  Al-Thuqbah,"2,022",Full Option,Sedan,Black,MONTHLY,"2,489",,,NEW,Sedan
Sunny,Riyadh,Riyadh - Al Falah,"2,024",STD,Sedan,White,STS,600,,,NEW,Compact
City,Riyadh,Riyadh - Al Yarmuk,"2,024",STD,Sedan,White,STS,750,,,NEW,Compact
Veloz,Riyadh,Riyadh - An Nahdah,"2,023",STD,SUV,White,STS,"1,500",,,NEW,Crossover
Corolla,Riyadh,Riyadh - Al Yarmuk,"2,024",STD,Sedan,Black,STS,750,,,NEW,Sedan
S450,Riyadh,Riyadh - Qurtubah,"2,025",STD,Sedan,Black,STS,"12,930",,,NEW,Luxury
Yaris,Riyadh,Riyadh - Al Khaleej,"2,024",Y,Sedan,Black,STS,"1,071",,,NEW,Compact
Accent,Jeddah,Jeddah - Al Fayhaa,"2,026",Fleet,Sedan,White,MONTHLY,"3,179",,,NEW,Compact
Raize,Jeddah,Jeddah - An Nuzhah - Pickup,"2,026",XLE,SUV,Gray,STO,"2,300","2,650",36,NEW,Crossover
Creta,Riyadh,Riyadh - Al Falah,"2,022",SMART,SUV,White,STS,"1,199",,,NEW,Crossover
Creta,Riyadh,Riyadh - Dhahrat Laban - Pickup,"2,026",Fleet,SUV,Silver,STO,"2,725","3,000",36,NEW,Crossover
Jolion,Riyadh,Riyadh - Sulimaniyah,"2,025",Basic,Hatchback,Silver,MONTHLY,"3,969",,,NEW,Crossover
K5,Jeddah,Jeddah - Al Fayha,"2,023",GT,Sedan,White,MONTHLY,"3,210",,,NEW,Sedan
Jolion,Jeddah,Jeddah - Al Sanabel  - Pickup,"2,026",STD,Hatchback,Gray,STO,"2,650","1,400",36,NEW,Crossover
Dzire,Riyadh,Riyadh - Al Aqiq,"2,023",GL,Sedan,Grey,STS,742,,,NEW,Sedan
B70,Riyadh,Riyadh - Nahdah,"2,023",Comfort,Sedan,Silver,MONTHLY,"2,700","2,850",,USED,Sedan
C200,Jeddah,JDH,"2,023",STD,Sedan,Black,MONTHLY,"17,369",,,NEW,Sedan
Pegas,Riyadh,Riyadh - Dhahrat Laban - Pickup,"2,025",LX,Sedan,Silver,STO,"1,700","1,950",24,USED,Compact
Accent,Riyadh,Riyadh - Qurtubah,"2,025",STD,Sedan,Silver,STS,950,,,NEW,Compact
Accent,Riyadh,Riyadh - Khorreiss Road - Pickup,"2,026",Fleet,Sedan,Silver,STO,"2,000","2,300",30,USED,Compact
Yaris,Riyadh,Riyadh - As Sulimaniyah - Pickup,"2,026",Y,Sedan,Gray,STO,"2,300","2,500",36,NEW,Compact
Sunny,Riyadh,Riyadh - Al Falah,"2,024",STD,Sedan,White,STS,600,,,NEW,Compact
City,Riyadh,Riyadh - Al Yarmuk,"2,024",STD,Sedan,White,STS,750,,,NEW,Compact
City,Riyadh,Riyadh - Al Falah,"2,024",STD,Sedan,White,STS,750,,,NEW,Compact
RAV4,Riyadh,Riyadh -  Al Yarmuk,"2,023",STD,SUV,Grey,MONTHLY,"5,809",,,NEW,Crossover
5,Riyadh,Riyadh - An Nasim Al Gharbi - Pickup,"2,025",STD,Sedan,Silver,STO,"1,975","2,300",36,NEW,Compact
5,Riyadh,Riyadh - An Nasim Al Gharbi - Pickup,"2,025",STD,Sedan,White,STO,"1,975","2,300",36,NEW,Compact
Jolion,Jeddah,Jeddah - Palestine,"2,025",Basic,Hatchback,Silver,STS,"1,579",,,NEW,Crossover
Accent,Riyadh,Riyadh - Al Quds - Pickup,"2,026",Fleet,Sedan,Gray,STO,"2,350","2,600",36,NEW,Compact
Elantra,Riyadh,Riyadh - Al Quds - Pickup,"2,026",Smart,Sedan,White,STO,"2,925","3,200",36,NEW,Sedan
Jolion,Jeddah,Jeddah - Al Sanabel  - Pickup,"2,026",STD,Hatchback,Black,STO,"2,650","1,400",36,NEW,Crossover
Accent,Jeddah,Jeddah - Heraa,"2,024",Fleet,Sedan,White,STS,790,,,NEW,Compact
Yaris,Riyadh,Riyadh - As Sulimaniyah - Pickup,"2,026",Y,Sedan,Silver,STO,"2,300","2,500",36,NEW,Compact
GT,Riyadh,Riyadh - An Nahdah,"2,024",STD,Sedan,Grey,STS,750,,,NEW,Sedan
Corolla,Riyadh,Riyadh - Al Yarmuk,"2,024",STD,Sedan,Black,STS,750,,,NEW,Sedan
Raize,Riyadh,Riyadh - Dhahrat Laban - Pickup,"2,026",XLE,SUV,Gray,STO,"2,300","2,650",36,NEW,Crossover
i10,Dammam,Dammam - Al Qadisyyah,"2,025",STD,Sedan,White,MONTHLY,"2,069",,,NEW,Compact
Creta,Riyadh,Riyadh -  Al Yarmuk,"2,022",SMART,SUV,White,STS,"1,199",,,NEW,Crossover
Accent,Jeddah,Jeddah - An Nuzhah - Pickup,"2,026",Fleet,Sedan,Silver,STO,"2,500","1,200",36,NEW,Compact
Emgrand,Riyadh,Riyadh - Khorreiss Road - Pickup,"2,026",STD,Sedan,White,STO,"2,150","2,400",36,NEW,Sedan
Dzire,Riyadh,Riyadh - Al jazirah,"2,026",GL,Sedan,White,STS,770,,,NEW,Sedan
Accent,Riyadh,Riyadh - Al Quds - Pickup,"2,026",Fleet,Sedan,White,STO,"2,350","1,400",36,NEW,Compact
Cityray,Jeddah,Jeddah - Ar Rabwah - Pickup,"2,026",GC,SUV,White,STO,"2,850","1,800",36,NEW,SUV
i10,Riyadh,Daily Riyadh - Urubah,"2,024",MPI,Sedan,Blue,STS,600,,,NEW,Compact
Pegas,Riyadh,Riyadh - Urubah,"2,024",LX,Sedan,Grey,STS,600,,,NEW,Compact
Mirage,Riyadh,Riyadh - Urubah,"2,022",STD,Hatchback,Grey,STS,896,,,NEW,Compact
Dzire,Riyadh,Riyadh - Al Yarmuk,"2,024",GL,Sedan,White,STS,679,,,NEW,Sedan
Sunny,Riyadh,Riyadh - Al Aqiq,"2,022",Classic,Sedan,Brown,MONTHLY,"1,979",,,NEW,Compact
GT,Riyadh,Riyadh - An Nahdah,"2,024",STD,Sedan,Grey,STS,750,,,NEW,Sedan
Sunny,Al Khobar,Al Khobar -  Al-Thuqbah,"2,024",S,Sedan,Red,STS,"1,049",,,NEW,Compact
S450,Riyadh,Riyadh - Qurtubah,"2,024",STD,Sedan,Black,STS,"12,930",,,NEW,Luxury
Raize,Riyadh,Riyadh - Dhahrat Laban - Pickup,"2,026",XLE,SUV,Silver,STO,"2,300","2,650",36,NEW,Crossover
Raize,Jeddah,Jeddah - An Nuzhah - Pickup,"2,026",XLE,SUV,Gray,STO,"2,300","2,650",36,NEW,Crossover
Yaris,Jeddah,Dammam - Al Itisalat,"2,026",Y,Sedan,Silver,MONTHLY,"2,349",,,NEW,Compact
5,Riyadh,Riyadh - An Nasim Al Gharbi - Pickup,"2,025",STD,Sedan,White,STO,"1,975","2,300",36,NEW,Compact
Alsvin,Riyadh,Riyadh - King Fahd Rd,"2,024",STD,Sedan,Silver,MONTHLY,"1,789",,,NEW,Sedan
Jolion,Jeddah,Jeddah - Palestine,"2,025",Basic,Hatchback,Silver,MONTHLY,"4,019",,,NEW,Crossover
Accent,Riyadh,Riyadh - Dhahrat Laban - Pickup,"2,026",Fleet,Sedan,Silver,STO,"2,500","2,700",36,NEW,Compact
Accent,Riyadh,Riyadh - As Sahabah,"2,026",Fleet,Sedan,White,STS,870,,,NEW,Compact
Emgrand,Riyadh,Riyadh - Khorreiss Road - Pickup,"2,026",STD,Sedan,White,STO,"2,150","2,400",36,NEW,Sedan
Elantra,Riyadh,Riyadh - Al Quds - Pickup,"2,026",Smart,Sedan,Gray,STO,"2,925","3,200",36,NEW,Sedan
Jolion,Riyadh,Riyadh - As Sulimaniyah - Pickup,"2,026",Basic,Hatchback,White,STO,"2,650","1,400",36,NEW,Crossover
Seltos,Riyadh,Riyadh - King Faisal,"2,023",LX,Suv,White,STO,"2,850","2,850",36,USED,Crossover
Elantra,Mecca,Makkah - Al Diyafah,"2,024",Fleet,Sedan,White,MONTHLY,"2,400",,,USED,Sedan
Yaris,Jeddah,Jeddah - Bani Malik,"2,022",Y,Sedan,White,MONTHLY,"2,439",,,NEW,Compact
Elantra,Riyadh,Riyadh - Ar Rimal - Pickup,"2,026",Fleet,Sedan,Gray,STO,"2,600","3,000",24,USED,Sedan
Yaris,Riyadh,Riyadh - As Sulimaniyah - Pickup,"2,026",Y,Sedan,Silver,STO,"2,300","2,500",36,NEW,Compact
Sunny,Riyadh,Riyadh - Al Yarmuk,"2,024",STD,Sedan,Silver,STS,600,,,NEW,Compact
City,Riyadh,Riyadh - An Nahdah,"2,024",STD,Sedan,White,STS,750,,,NEW,Compact
Corolla,Riyadh,Riyadh - Al Yarmuk,"2,024",STD,Sedan,Black,STS,750,,,NEW,Sedan
Alsvin,Riyadh,Riyadh - King Fahd Rd,"2,025",STD,Sedan,Silver,MONTHLY,"1,799",,,NEW,Sedan
Alsvin,Riyadh,Riyadh - Al Quds,"2,024",STD,Sedan,White,MONTHLY,"1,759",,,NEW,Sedan
Pegas,Jeddah,Jeddah - Ar Rawdah,"2,024",LX,Sedan,Grey,MONTHLY,"1,779",,,NEW,Compact
Emgrand,Riyadh,Riyadh - Khorreiss Road - Pickup,"2,026",STD,Sedan,White,STO,"2,150","2,400",36,NEW,Sedan
Jolion,Riyadh,Riyadh - As Sulimaniyah - Pickup,"2,026",Basic,Hatchback,White,STO,"2,650","1,400",36,NEW,Crossover
LS 500,Riyadh,Riyadh - Dhahrat Laban,"2,024",STD,Sedan,Black,MONTHLY,"42,569",,,NEW,Luxury
S450,Riyadh,Riyadh - Dhahrat Laban,"2,024",STD,Sedan,Black,MONTHLY,"45,969",,,NEW,Luxury
Pegas,Riyadh,Riyadh - Al Yarmuk,"2,026",STD,Sedan,Grey,STS,600,,,NEW,Compact
Corolla,Riyadh,Riyadh - Al Falah,"2,024",STD,Sedan,Black,STS,750,,,NEW,Sedan
Corolla,Riyadh,Riyadh - Al Falah,"2,024",STD,Sedan,Black,STS,750,,,NEW,Sedan
Sunny,Riyadh,Riyadh - Al Khaleej,"2,023",STD,Sedan,Grey,STS,699,,,NEW,Compact
Raize,Riyadh,Riyadh - Dhahrat Laban - Pickup,"2,026",XLE,SUV,White,STO,"2,300","2,650",36,NEW,Crossover
Elantra,Riyadh,Riyadh - As Sulimaniyah,"2,024",Fleet,Sedan,Grey,MONTHLY,"2,909",,,NEW,Sedan
5,Riyadh,Riyadh - An Nasim Al Gharbi - Pickup,"2,025",STD,Sedan,Silver,STO,"1,975","2,300",36,NEW,Compact
Yaris,Jeddah,Jeddah - Al Fayha - Pickup,"2,026",Y,Sedan,Silver,STO,"2,300","2,500",36,NEW,Compact
Yaris,Riyadh,Riyadh - Ar Rimal - Pickup,"2,026",Y,Sedan,White,STO,"2,300","2,500",36,NEW,Compact
Dzire,Riyadh,فرع القدس - Al-Quds  branch,"2,024",GL,Sedan,White,MONTHLY,"1,809",,,NEW,Sedan
Elantra,Jeddah,Jeddah - Ar Rabwah - Pickup,"2,026",Smart,Sedan,Gray,STO,"2,925","3,200",36,NEW,Sedan
Kicks,Dammam,Dammam - Al Itisalat,"2,024",S,SUV,Grey,MONTHLY,"3,079",,,NEW,Crossover
Dzire,Riyadh,Riyadh - Al Wurud,"2,023",GL,Sedan,Grey,STS,742,,,NEW,Sedan
Dzire,Riyadh,Riyadh - Al Yarmuk,"2,024",GL,Sedan,White,STS,679,,,NEW,Sedan
Yaris,Riyadh,Riyadh - As Sulimaniyah - Pickup,"2,026",Y,Sedan,White,STO,"2,300","2,500",1,NEW,Compact
CT5,Jeddah,Jeddah - Madina Al-Munawarah,"2,026",2 0L Turbo RWD,Sedan,Black,STS,"6,335",,,NEW,Sedan
GT,Riyadh,Riyadh - Al Falah,"2,024",STD,Sedan,Grey,STS,750,,,NEW,Sedan
Corolla,Riyadh,Riyadh - Al Yarmuk,"2,024",STD,Sedan,Black,STS,750,,,NEW,Sedan
Alsvin,Al Khobar,Al Khobar -  Al-Thuqbah,"2,024",STD,Sedan,White,MONTHLY,"2,079",,,NEW,Sedan
5,Riyadh,Riyadh - An Nasim Al Gharbi - Pickup,"2,025",STD,Sedan,White,STO,"1,975","2,300",36,NEW,Compact
5,Riyadh,Riyadh - An Nasim Al Gharbi - Pickup,"2,025",STD,Sedan,Silver,STO,"1,975","2,300",36,NEW,Compact
Dzire,Riyadh,Riyadh - Al jazirah,"2,026",GL,Sedan,White,STS,770,,,NEW,Sedan
Accent,Dammam,Dammam - Al Rawdah - Pickup,"2,026",Fleet,Sedan,Gray,STO,"2,350","2,600",36,NEW,Compact
Accent,Dammam,Dammam - Al Rawdah - Pickup,"2,026",Fleet,Sedan,Gray,STO,"2,350","1,400",36,NEW,Compact
Jolion,Riyadh,Riyadh - As Sulimaniyah - Pickup,"2,026",Basic,Hatchback,White,STO,"2,650","1,400",36,NEW,Crossover
Jolion,Riyadh,Riyadh - As Sulimaniyah - Pickup,"2,026",Basic,Hatchback,Gray,STO,"2,650","1,400",36,NEW,Crossover
Raize,Mecca,Makkah - Qadisyyah,"2,026",XLE,SUV,Silver,STS,970,,,NEW,Crossover
Seltos,Jeddah,Jeddah - Saqer Qouraish,"2,023",LX,Suv,Silver,STO,"2,400","2,750",1,USED,Crossover
Sonet,Riyadh,Riyadh - Al Yarmuk,"2,023",LX,Crossover,Gray,MONTHLY,"2,475","2,550",,USED,Crossover
Sonet,Jeddah,Jeddah - Bani Malik,"2,023",LX,Crossover,Silver,MONTHLY,"2,475","2,550",,USED,Crossover
Yaris,Jeddah,Jeddah - Salamah - Pickup,"2,024",Y,Sedan,White,STO,"1,900","2,175",6,USED,Compact
Yaris,Riyadh,Riyadh - As Sulimaniyah - Pickup,"2,026",Y,Sedan,Silver,STO,"2,300","2,500",36,NEW,Compact
Sonet,Jeddah,Jeddah - Bani Malik,"2,023",LX,Crossover,Silver,MONTHLY,"2,475","2,550",,USED,Crossover
5,Riyadh,Riyadh - Dhahrat Laban - Pickup,"2,024",STD,Sedan,Silver,STO,"2,000","2,200",36,USED,Compact
Accent,Jeddah,Jeddah - An Nuzhah - Pickup,"2,025",Fleet,Sedan,Silver,STO,"2,400","2,600",24,USED,Compact
Yaris,Riyadh,Riyadh - An Nahdah (Pick - up ),"2,026",Y,Sedan,White,STO,"2,100","2,425",1,USED,Compact
Yaris,Riyadh,Riyadh - As Sulimaniyah - Pickup,"2,026",Y,Sedan,Gray,STO,"2,300","2,500",36,NEW,Compact
Yaris,Riyadh,Riyadh - As Sulimaniyah - Pickup,"2,026",Y,Sedan,Gray,STO,"2,300","2,500",36,NEW,Compact
T77,Jeddah,Jeddah - Airport - Pickup,"2,026",Deluxe,SUV,White,STO,"3,000","3,325",18,USED,Crossover
Raize,Riyadh,Riyadh - Dhahrat Laban - Pickup,"2,026",XLE,SUV,Gray,STO,"2,300","2,650",36,NEW,Crossover
Elantra,Riyadh,Riyadh - As Sulimaniyah,"2,023",STD,Sedan,Grey,STS,880,,,NEW,Sedan
5,Riyadh,Riyadh - An Nasim Al Gharbi - Pickup,"2,025",STD,Sedan,Silver,STO,"1,975","2,300",36,NEW,Compact
Yaris,Jeddah,Jeddah - Al Fayha - Pickup,"2,026",Y,Sedan,Gray,STO,"2,300","2,500",36,NEW,Compact
Accent,Riyadh,Riyadh - Dhahrat Laban - Pickup,"2,026",Fleet,Sedan,Gray,STO,"2,500","2,700",36,NEW,Compact
Dzire,Riyadh,Riyadh - Al jazirah,"2,026",GL,Sedan,White,STS,770,,,NEW,Sedan
Cityray,Jeddah,Jeddah - Ar Rabwah - Pickup,"2,026",GC,SUV,Gray,STO,"2,850","1,800",36,NEW,SUV
Sunny,Jeddah,Jeddah - Al Baghdadiyah,"2,022",Classic,Sedan,White,STS,569,,,NEW,Compact
Dzire,Riyadh,Riyadh - Al Yarmuk,"2,025",GL,Sedan,Blue,MONTHLY,"1,870",,,NEW,Sedan
Elantra,Dammam,Dammam - Al Thawn,"2,023",Fleet,Sedan,Beige,STS,830,,,NEW,Sedan
Sonet,Riyadh,Riyadh - Al Yarmuk,"2,023",LX,Crossover,Gray,MONTHLY,"2,475","2,550",,USED,Crossover
i10,Jeddah,Jeddah - Bani Malik,"2,022",MPI,Hatchback,Silver,MONTHLY,"2,319",,,NEW,Compact
Dzire,Riyadh,Riyadh - Qurtubah,"2,023",GL,Sedan,Grey,STS,639,,,NEW,Sedan
Pegas,Riyadh,Riyadh - Al Yarmuk,"2,026",STD,Sedan,Grey,STS,600,,,NEW,Compact
Pegas,Riyadh,Riyadh - Al Yarmuk,"2,026",STD,Sedan,Grey,STS,600,,,NEW,Compact
Sunny,Riyadh,Riyadh - An Nahdah,"2,024",STD,Sedan,White,STS,600,,,NEW,Compact
Corolla,Riyadh,Riyadh - Al Yarmuk,"2,024",STD,Sedan,Black,STS,750,,,NEW,Sedan
520,Riyadh,Riyadh - Rahmaniyyah,"2,026",STD,Sedan,Tiffany Blue,MONTHLY,"23,639",,,NEW,Sedan
Elantra,Dammam,Dammam - Al Itisalat,"2,022",Fleet,Sedan,White,MONTHLY,"2,449",,,NEW,Sedan
Yaris,Riyadh,Riyadh - As Sulimaniyah,"2,026",Y,Sedan,Silver,MONTHLY,"2,389",,,NEW,Compact
Pegas,Riyadh,Riyadh - Al Khaleej,"2,026",LX,Sedan,White,MONTHLY,"1,859",,,NEW,Compact
5,Riyadh,Riyadh - An Nasim Al Gharbi - Pickup,"2,025",STD,Sedan,White,STO,"1,975","2,300",36,NEW,Compact
Yaris,Riyadh,Riyadh - Ar Rimal - Pickup,"2,026",Y,Sedan,White,STO,"2,300","2,500",36,NEW,Compact
Yaris,Riyadh,Riyadh - As Sahabah,"2,026",Y,Sedan,Grey,STS,750,,,NEW,Compact
Dzire,Madinah,Madinah - Al Areed,"2,024",GL,Sedan,White,STS,600,,,NEW,Sedan
Urban Cruiser,Riyadh,Riyadh - Al Munsiyah,"2,026",STD,Crossover,White,STS,970,,,NEW,Crossover
Elantra,Riyadh,Daily Sulimaniyah Riyadh,"2,024",Fleet,Sedan,Brown,STS,970,,,NEW,Sedan
Corolla,Riyadh,Riyadh - Al Quds - Pickup,"2,023",XLI,Sedan,White,STO,"2,000","2,300",12,USED,Sedan
K3,Al Khobar,Al Khobar -  Al-Thuqbah,"2,025",STD,Sedan,Silver,MONTHLY,"3,149",,,NEW,Compact
Yaris,Riyadh,Riyadh - An Nahdah (Pick - up ),"2,026",Y,Sedan,White,STO,"2,050","2,350",30,USED,Compact
Yaris,Riyadh,Riyadh - As Sulimaniyah - Pickup,"2,026",Y,Sedan,Silver,STO,"2,300","2,500",36,NEW,Compact
Yaris,Riyadh,Riyadh - As Sulimaniyah - Pickup,"2,026",Y,Sedan,Gray,STO,"2,300","2,500",36,NEW,Compact
Emgrand,Riyadh,Riyadh - As Sulimaniyah - Pickup,"2,026",STD,Sedan,Dark Blue,STO,"2,150","2,375",36,USED,Sedan
Yaris,Riyadh,Riyadh - As Sulimaniyah - Pickup,"2,026",Y,Sedan,Silver,STO,"2,300","2,500",36,NEW,Compact
Yaris,Riyadh,Riyadh - As Sulimaniyah - Pickup,"2,026",Y,Sedan,Silver,STO,"2,300","2,500",36,NEW,Compact
S450,Riyadh,Riyadh - Rahmaniyyah,"2,026",STD,Sedan,Black,STS,"13,685",,,NEW,Luxury
Corolla,Riyadh,Riyadh - Al Yarmuk,"2,024",STD,Sedan,Black,STS,750,,,NEW,Sedan
Eado,Al Khobar,Al Khobar -  Al-Thuqbah,"2,023",Plus,Sedan,Silver,MONTHLY,"2,329",,,NEW,Sedan
Sunny,Riyadh,Riyadh - Al Khaleej,"2,023",STD,Sedan,White,STS,896,,,NEW,Compact
Yaris,Jeddah,Dammam - Al Itisalat,"2,026",Y,Sedan,Silver,MONTHLY,"2,349",,,NEW,Compact
Accent,Dammam,Dammam - Al Rawdah - Pickup,"2,026",Fleet,Sedan,White,STO,"2,350","1,400",36,NEW,Compact
Cityray,Riyadh,Riyadh - Al Quds - Pickup,"2,026",GC,SUV,White,STO,"2,850","1,800",36,NEW,SUV
Cityray,Riyadh,Riyadh - Al Quds - Pickup,"2,026",GC,SUV,Silver,STO,"2,850","1,800",36,NEW,SUV
Elantra,Dammam,Dammam - Al Rawdah - Pickup,"2,026",Smart,Sedan,Gray,STO,"2,925","3,200",36,NEW,Sedan
Territory,Riyadh,Riyadh - Sulimaniyah,"2,024",STD,CUV,Black,MONTHLY,"5,350",,,NEW,Crossover
Raize,Riyadh,Riyadh - Al Wadi,"2,023",XLE,SUV,Blue,MONTHLY,"2,140",,,USED,Crossover
Corolla,Riyadh,Riyadh - Al Quds - Pickup,"2,023",XLI,Sedan,White,STO,"2,000","2,300",12,USED,Sedan
K3,Jeddah,Jeddah - Salamah - Pickup,"2,025",STD,Sedan,White,STO,"1,950","2,250",24,USED,Compact
Elantra,Riyadh,Riyadh - Ar Rimal - Pickup,"2,026",Fleet,Sedan,Gray,STO,"2,500","2,750",24,USED,Sedan
Alsvin,Dammam,Dammam - Al Itisalat,"2,023",STD,Sedan,White,MONTHLY,"1,839",,,NEW,Sedan
Yaris,Riyadh,Riyadh - As Sulimaniyah - Pickup,"2,026",Y,Sedan,Gray,STO,"2,300","2,500",36,NEW,Compact
Yaris,Riyadh,Riyadh - As Sulimaniyah - Pickup,"2,026",Y,Sedan,Gray,STO,"2,300","2,500",36,NEW,Compact
Yaris,Riyadh,Riyadh - As Sulimaniyah - Pickup,"2,026",Y,Sedan,Silver,STO,"2,300","2,500",36,NEW,Compact
Sunny,Riyadh,Riyadh - Al Yarmuk,"2,024",STD,Sedan,Silver,STS,600,,,NEW,Compact
GT,Riyadh,Riyadh - Al Yarmuk,"2,024",STD,Sedan,Grey,STS,750,,,NEW,Sedan
GT,Riyadh,Riyadh - An Nahdah,"2,024",STD,Sedan,Grey,STS,750,,,NEW,Sedan
Corolla,Riyadh,Riyadh - An Nahdah,"2,024",STD,Sedan,Black,STS,750,,,NEW,Sedan
Corolla,Riyadh,Riyadh - An Nahdah,"2,024",STD,Sedan,Black,STS,750,,,NEW,Sedan
Yaris,Jeddah,Jeddah - Al-Baghdadiyah Al-Gharbiyah,"2,026",Y,Sedan,Silver,MONTHLY,"2,769",,,NEW,Compact
Accent,Jeddah,Jeddah - An Nuzhah - Pickup,"2,026",Fleet,Sedan,Gray,STO,"2,500","1,200",36,NEW,Compact
Accent,Riyadh,Riyadh - Dhahrat Laban - Pickup,"2,026",Fleet,Sedan,Silver,STO,"2,500","2,700",36,NEW,Compact
Accent,Jeddah,Jeddah - An Nuzhah - Pickup,"2,026",Fleet,Sedan,Gray,STO,"2,500","1,200",36,NEW,Compact
Raize,Riyadh,Riyadh - Dhahrat Laban - Pickup,"2,026",Fleet,SUV,Silver,STO,"2,300","2,600",36,NEW,Crossover
Emgrand,Riyadh,Riyadh - Khorreiss Road - Pickup,"2,026",STD,Sedan,White,STO,"2,150","2,400",36,NEW,Sedan
Dzire,Riyadh,Riyadh - Al jazirah,"2,026",GL,Sedan,White,STS,770,,,NEW,Sedan
Elantra,Riyadh,Riyadh - Al Quds - Pickup,"2,026",Smart,Sedan,White,STO,"2,925","3,200",36,NEW,Sedan
Accent,Dammam,Dammam - Al Rawdah - Pickup,"2,026",Fleet,Sedan,Gray,STO,"2,350","2,600",36,NEW,Compact
Elantra,Riyadh,Riyadh - Al Quds - Pickup,"2,026",Smart,Sedan,Silver,STO,"2,925","1,700",36,NEW,Sedan
Elantra,Jeddah,Jeddah - Ar Rabwah - Pickup,"2,026",Smart,Sedan,Gray,STO,"2,925","3,200",36,NEW,Sedan
Elantra,Dammam,Dammam - Al Rawdah - Pickup,"2,026",Smart,Sedan,Silver,STO,"2,925","3,200",36,NEW,Sedan
Elantra,Jeddah,Jeddah - Ar Rabwah - Pickup,"2,026",Smart,Sedan,White,STO,"2,925","1,700",36,NEW,Sedan
GS3,Dammam,Dammam - Al Badiyah - Pickup,"2,026",GS,SUV,Black,STO,"2,400","2,800",36,NEW,Crossover
Sonet,Jeddah,Jeddah - Saqer Qouraish,"2,023",LX,Crossover,Gray,MONTHLY,"2,400",,,USED,Crossover
Sonet,Riyadh,Riyadh - Al Yarmuk,"2,023",LX,Crossover,Gray,MONTHLY,"2,475","2,825",,USED,Crossover
Dzire,Riyadh,Riyadh - Al Yarmuk,"2,024",GL,Sedan,White,STS,679,,,NEW,Sedan
Yaris,Riyadh,Riyadh - An Nahdah (Pick - up ),"2,026",Y,Sedan,Silver,STO,"2,300","2,500",36,NEW,Compact
Yaris,Riyadh,Riyadh - As Sulimaniyah - Pickup,"2,026",Y,Sedan,Silver,STO,"2,300","2,500",36,NEW,Compact
Yaris,Riyadh,Riyadh - As Sulimaniyah - Pickup,"2,026",Y,Sedan,Silver,STO,"2,300","2,500",36,NEW,Compact
GT,Riyadh,Riyadh - An Nahdah,"2,024",STD,Sedan,Grey,STS,750,,,NEW,Sedan
Pegas,Al Khobar,Al Khobar -  Al-Thuqbah,"2,024",LX,Sedan,Beige,MONTHLY,"2,149",,,NEW,Compact
Raize,Riyadh,Riyadh - Dhahrat Laban - Pickup,"2,026",XLE,SUV,Black,STO,"2,300","2,650",36,NEW,Crossover
Cerato,Jeddah,Jeddah - Ar Rawdah,"2,023",LX,Sedan,Silver,MONTHLY,"2,349",,,NEW,Compact
Elantra,Riyadh,Riyadh - As Sulimaniyah,"2,023",STD,Sedan,Grey,STS,880,,,NEW,Sedan
5,Riyadh,Riyadh - An Nasim Al Gharbi - Pickup,"2,025",STD,Sedan,Silver,STO,"1,975","2,300",36,NEW,Compact
Corolla,Riyadh,Riyadh - As Sahabah,"2,026",XLI,Sedan,Silver,STS,980,,,NEW,Sedan
Accent,Jeddah,Jeddah - Ar Rabwah - Pickup,"2,026",Fleet,Sedan,White,STO,"2,350","2,600",36,NEW,Compact
Accent,Riyadh,Riyadh - Al Quds - Pickup,"2,026",Fleet,Sedan,Gray,STO,"2,350","2,600",36,NEW,Compact
Cityray,Jeddah,Jeddah - Ar Rabwah - Pickup,"2,026",GC,SUV,Silver,STO,"2,850","1,800",36,NEW,SUV
Elantra,Riyadh,Riyadh - Al Quds - Pickup,"2,026",Smart,Sedan,White,STO,"2,925","1,700",36,NEW,Sedan
Elantra,Dammam,Dammam - Al Rawdah - Pickup,"2,026",Smart,Sedan,White,STO,"2,925","3,200",36,NEW,Sedan
Pegas,Jeddah,Jeddah - Terminal 1,"2,026",LX,Sedan,Silver,STS,680,,,NEW,Compact
Yaris,Madinah,Madinah - Khalid Ibn Al Walid,"2,024",Y,Sedan,Silver,STS,790,,,NEW,Compact
Emgrand,Riyadh,Riyadh - As Sulimaniyah - Pickup,"2,026",STD,Sedan,Dark-Blue,STO,"2,100","2,425",9,USED,Sedan
6,Al Khobar,Al Khobar -  Al-Thuqbah,"2,022",Full Option,Sedan,Black,MONTHLY,"2,489",,,NEW,Sedan
GT,Riyadh,Riyadh - Al Yarmuk,"2,024",STD,Sedan,Graphite,MONTHLY,"3,079",,,NEW,Sedan
Corolla,Riyadh,Riyadh - Al Yarmuk,"2,024",STD,Sedan,Black,STS,750,,,NEW,Sedan
Corolla,Riyadh,Riyadh - Al Falah,"2,024",STD,Sedan,Black,STS,750,,,NEW,Sedan
Accent,Riyadh,Riyadh - As Sulimaniyah,"2,026",STD,Sedan,Silver,STS,"1,180",,,NEW,Compact
5,Riyadh,Riyadh - An Nasim Al Gharbi - Pickup,"2,025",STD,Sedan,White,STO,"1,975","2,300",36,NEW,Compact
Alsvin,Riyadh,Daily Riyadh - Al Aqiq,"2,023",STD,Sedan,Silver,STS,700,,,NEW,Sedan
Creta,Dammam,Dammam - Al Rawdah - Pickup,"2,026",Smart,SUV,Gray,STO,"2,825","3,100",36,NEW,Crossover
Cityray,Jeddah,Jeddah - Ar Rabwah - Pickup,"2,026",GC,SUV,Gray,STO,"2,850","3,300",36,NEW,SUV
Jolion,Jeddah,Jeddah - Al Sanabel  - Pickup,"2,026",STD,Hatchback,Gray,STO,"2,650","1,400",36,NEW,Crossover
Pegas,Riyadh,Riyadh - Urubah,"2,024",LX,Sedan,White,MONTHLY,"1,769",,,NEW,Compact
2008,Riyadh,Riyadh - Al Faisaliyyah - STO - Pickup,"2,023",Allure,Suv,Black,STO,"2,850","3,275",6,USED,Crossover
Sonet,Riyadh,Riyadh - Al Yarmuk,"2,023",LX,Crossover,White,MONTHLY,"2,475","2,655",,USED,Crossover
S450,Jeddah,JDH,"2,023",STD,Sedan,Black,MONTHLY,"49,659",,,NEW,Luxury
5,Riyadh,Riyadh - Dhahrat Laban - Pickup,"2,025",STD,Sedan,White,STO,"1,900","2,100",24,USED,Compact
Yaris,Riyadh,Riyadh - As Sulimaniyah - Pickup,"2,026",Y,Sedan,Silver,STO,"2,300","2,500",36,NEW,Compact
Sunny,Riyadh,Riyadh - Al Yarmuk,"2,024",STD,Sedan,Silver,STS,600,,,NEW,Compact
City,Riyadh,Riyadh - An Nahdah,"2,024",STD,Sedan,White,STS,750,,,NEW,Compact
Eado,Dammam,Dammam - Al Itisalat,"2,023",Plus,Sedan,White,MONTHLY,"2,289",,,NEW,Sedan
Raize,Jeddah,Jeddah - An Nuzhah - Pickup,"2,026",XLE,SUV,Silver,STO,"2,300","2,650",36,NEW,Crossover
Accent,Jeddah,Jeddah - Ar Rabwah - Pickup,"2,026",Fleet,Sedan,Gray,STO,"2,350","1,400",36,NEW,Compact
Elantra,Dammam,Dammam - Al Rawdah - Pickup,"2,026",Smart,Sedan,Gray,STO,"2,925","3,200",36,NEW,Sedan
Sonata,Dammam,Dammam - Al Rawdah - Pickup,"2,026",Smart,Sedan,Silver,STO,"3,650","4,000",36,NEW,Sedan
Cityray,Jeddah,Jeddah - Ar Rabwah - Pickup,"2,026",GC,SUV,White,STO,"2,850","3,300",36,NEW,SUV
Elantra,Riyadh,Riyadh - Al Quds - Pickup,"2,026",Smart,Sedan,Gray,STO,"2,925","1,700",36,NEW,Sedan
Elantra,Riyadh,Riyadh - Al Quds - Pickup,"2,026",Smart,Sedan,Gray,STO,"2,925","1,700",36,NEW,Sedan
Pegas,Jeddah,Jeddah - Sanabel,"2,026",LX,Sedan,Grey,MONTHLY,"1,899",,,NEW,Compact
Urban Cruiser,Riyadh,Riyadh - Ar Rimal,"2,026",STD,Crossover,White,STS,970,,,NEW,Crossover
Accent,Jeddah,Jeddah Airport - Terminal 1,"2,024",Fleet,Sedan,White,STS,790,,,NEW,Compact
Accent,Jeddah,Jeddah - Heraa,"2,024",Fleet,Sedan,White,STS,790,,,NEW,Compact
Alsvin,Riyadh,Riyadh - Al Uraija - Pickup,"2,024",STD,Sedan,White,STO,"1,500","1,725",18,USED,Sedan
Yaris,Riyadh,Riyadh - As Sulimaniyah - Pickup,"2,026",Y,Sedan,Silver,STO,"2,300","2,500",9,NEW,Compact
Yaris,Riyadh,Riyadh - As Sulimaniyah - Pickup,"2,026",Y,Sedan,Gray,STO,"2,300","2,500",36,NEW,Compact
Yaris,Riyadh,Riyadh - As Sulimaniyah - Pickup,"2,026",Y,Sedan,Silver,STO,"2,300","2,500",36,NEW,Compact
Escalade,Riyadh,Riyadh - Rahmaniyyah,"2,025",Full,SUV,Black,MONTHLY,"48,449",,,NEW,SUV
GT,Riyadh,Riyadh - An Nahdah,"2,024",STD,Sedan,Grey,STS,750,,,NEW,Sedan
Corolla,Riyadh,Riyadh - Al Falah,"2,024",STD,Sedan,Black,STS,750,,,NEW,Sedan
Corolla,Riyadh,Riyadh - Al Falah,"2,024",STD,Sedan,Black,STS,750,,,NEW,Sedan
Pegas,Al Khobar,Al Khobar -  Al-Thuqbah,"2,023",LX,Sedan,Beige,MONTHLY,"2,029",,,NEW,Compact
Dzire,Jeddah,Jeddah - Al Salama,"2,024",GL,Sedan,Silver,STS,600,,,NEW,Sedan
Accent,Riyadh,Riyadh - As Sulimaniyah,"2,026",STD,Sedan,Silver,STS,"1,180",,,NEW,Compact
Cerato,Jeddah,Jeddah - Ar Rawdah,"2,023",LX,Sedan,White,MONTHLY,"2,369",,,NEW,Compact
Kona,Riyadh,Riyadh - As Sulimaniyah,"2,023",STD,Crossover,White,STS,900,,,NEW,Crossover
5,Riyadh,Riyadh - An Nasim Al Gharbi - Pickup,"2,025",STD,Sedan,Silver,STO,"1,975","2,300",36,NEW,Compact
Pegas,Jeddah,Jeddah - Palestine,"2,024",H,Sedan,White,STS,"1,079",,,NEW,Compact
Creta,Riyadh,Riyadh - Dhahrat Laban - Pickup,"2,026",Fleet,SUV,White,STO,"2,725","3,000",36,NEW,Crossover
Accent,Riyadh,Riyadh - Dhahrat Laban - Pickup,"2,026",Fleet,Sedan,White,STO,"2,500","2,700",36,NEW,Compact
Elantra,Jeddah,Jeddah - Ar Rabwah - Pickup,"2,026",Smart,Sedan,Silver,STO,"2,925","3,200",36,NEW,Sedan
Jolion,Jeddah,Jeddah - Al Sanabel  - Pickup,"2,026",STD,Hatchback,Black,STO,"2,650","1,400",36,NEW,Crossover
Yaris,Jeddah,Jeddah - Al Fayha,"2,023",Y,Sedan,White,MONTHLY,"2,030",,,NEW,Compact
Sunny,Jeddah,Jeddah - Al-Baghdadiyah Al-Gharbiyah,"2,023",S,Sedan,White,MONTHLY,"2,139",,,NEW,Compact
Yaris,Jeddah,Jeddah - Al Fayha - Pickup,"2,026",Y,Sedan,Gray,STO,"2,300","2,500",36,NEW,Compact
Yaris,Jeddah,Jeddah - Al Fayha - Pickup,"2,026",Y,Sedan,Silver,STO,"2,300","2,500",36,NEW,Compact
Pegas,Dammam,Dammam - Al Qadisyyah,"2,023",LX,Sedan,White,MONTHLY,"2,199",,,NEW,Compact
Accent,Riyadh,Riyadh - As Sahabah,"2,026",Fleet,Sedan,White,STS,870,,,NEW,Compact
Accent,Riyadh,Riyadh - Al Quds - Pickup,"2,026",Fleet,Sedan,Gray,STO,"2,350","1,400",36,NEW,Compact
Accent,Riyadh,Riyadh - Al Quds - Pickup,"2,026",Fleet,Sedan,Gray,STO,"2,350","2,600",36,NEW,Compact
Accent,Dammam,Dammam - Al Rawdah - Pickup,"2,026",Fleet,Sedan,Gray,STO,"2,350","2,600",36,NEW,Compact
Accent,Dammam,Dammam - Al Rawdah - Pickup,"2,026",Fleet,Sedan,Gray,STO,"2,350","2,600",36,NEW,Compact
Creta,Jeddah,Jeddah - Ar Rabwah - Pickup,"2,026",Smart,SUV,Gray,STO,"2,825","3,100",36,NEW,Crossover
Elantra,Dammam,Dammam - Al Rawdah - Pickup,"2,026",Smart,Sedan,Gray,STO,"2,925","3,200",36,NEW,Sedan
Creta,Jeddah,Jeddah - Ar Rabwah - Pickup,"2,026",Smart,SUV,Silver,STO,"2,825","3,100",36,NEW,Crossover
Kona,Riyadh,Riyadh - Al Quds - Pickup,"2,026",Smart,Crossover,Gray,STO,"3,000","3,300",36,NEW,Crossover
Jolion,Riyadh,Riyadh - As Sulimaniyah - Pickup,"2,026",Basic,Hatchback,Gray,STO,"2,650","1,400",36,NEW,Crossover
Yaris,Riyadh,Daily Sulimaniyah Riyadh,"2,023",Y,Sedan,White,STS,740,,,USED,Compact
Pegas,Madinah,Madinah - Khalid Ibn Al Walid,"2,026",LX,Sedan,Silver,STS,680,,,NEW,Compact
Sunny,Riyadh,Riyadh - Al Aqiq,"2,022",Classic,Sedan,Brown,MONTHLY,"1,979",,,NEW,Compact
Raize,Riyadh,Riyadh - Dhahrat Laban - Pickup,"2,026",XLE,SUV,White,STO,"2,300","2,650",36,NEW,Crossover
Cerato,Jeddah,Jeddah - Ar Rawdah,"2,023",LX,Sedan,Grey,MONTHLY,"2,369",,,NEW,Compact
Sunny,Madinah,Madinah - Al Iskan,"2,024",S,Sedan,Silver,STS,"1,179",,,NEW,Compact
Creta,Riyadh,Riyadh - Dhahrat Laban - Pickup,"2,026",Fleet,SUV,White,STO,"2,725","3,000",36,NEW,Crossover
Elantra,Riyadh,Riyadh - Al Quds - Pickup,"2,026",Smart,Sedan,Silver,STO,"2,925","1,700",36,NEW,Sedan
Jolion,Riyadh,Riyadh - As Sulimaniyah - Pickup,"2,026",Basic,Hatchback,Gray,STO,"2,650","1,400",36,NEW,Crossover
5,Riyadh,Riyadh - An Nasim Al Gharbi - Pickup,"2,025",STD,Sedan,Silver,STO,"1,975","2,300",36,NEW,Compact
RX5,Riyadh,Riyadh - Al Qirawan,"2,022",STD,SUV,Black,STS,860,,,NEW,Crossover
Sonet,Riyadh,Ritadh - Al Areed,"2,026",LX,SUV,Black,MONTHLY,"3,359",,,NEW,Crossover
Hilux,Riyadh,Riyadh - As Sahabah,"2,026",GL2,Pickup,White,STS,"2,250",,,NEW,Pickup
Elantra,Jeddah,Jeddah - Ar Rabwah - Pickup,"2,026",Smart,Sedan,White,STO,"2,925","1,700",36,NEW,Sedan
Kona,Riyadh,Riyadh - Al Quds - Pickup,"2,026",Smart,Crossover,Black,STO,"3,000","3,300",36,NEW,Crossover
Cityray,Dammam,Dammam - Al Rawdah - Pickup,"2,026",GC,SUV,White,STO,"2,850","1,800",36,NEW,SUV
Grand i10,Riyadh,Riyadh - Al Yarmuk,"2,025",GLS,Sedan,Grey,STS,640,,,NEW,Compact
Sonet,Riyadh,Riyadh - Al Yarmuk,"2,023",LX,Crossover,Silver,MONTHLY,"2,475","2,975",,USED,Crossover
S450,Riyadh,Riyadh - Dhahrat Laban,"2,024",STD,Sedan,Black,MONTHLY,"45,969",,,NEW,Luxury
Grand i10,Riyadh,Riyadh - Qurtubah,"2,025",GLS,Sedan,Silver,MONTHLY,"1,959",,,NEW,Compact
Corolla,Jeddah,Jeddah - Rayaan - Pickup,"2,024",XLI,Sedan,White,MONTHLY,"2,500","2,825",,USED,Sedan
Taurus,Riyadh,Riyadh - As Sulimaniyah - Pickup,"2,025",,Sedan,Black,STO,"4,500","4,950",24,USED,Sedan
Accent,Riyadh,Riyadh - Qurtubah,"2,024",STD,Sedan,Blue,STS,900,,,NEW,Compact
Yukon,Riyadh,Riyadh - Qurtubah,"2,023",STD,SUV,Black,STS,"3,880",,,NEW,SUV
Yaris,Riyadh,Riyadh - As Sulimaniyah - Pickup,"2,026",Y,Sedan,Gray,STO,"2,300","2,500",36,NEW,Compact
Raize,Jeddah,Jeddah - An Nuzhah - Pickup,"2,026",XLE,SUV,Gray,STO,"2,300","2,650",36,NEW,Crossover
Cerato,Jeddah,Jeddah - Ar Rawdah,"2,023",LX,Sedan,White,MONTHLY,"2,369",,,NEW,Compact
Captiva,Riyadh,Riyadh - As Sulimaniyah - Pickup,"2,026",LS,SUV,Black,STO,"3,200","2,350",24,USED,Crossover
Jolion,Jeddah,Jeddah - Palestine,"2,025",Basic,Hatchback,Silver,STS,"1,579",,,NEW,Crossover
Accent,Jeddah,Jeddah - An Nuzhah - Pickup,"2,026",Fleet,Sedan,White,STO,"2,500","1,200",36,NEW,Compact
Cityray,Jeddah,Jeddah - Ar Rabwah - Pickup,"2,026",GC,SUV,Gray,STO,"2,850","3,300",36,NEW,SUV
Elantra,Jeddah,Jeddah - Ar Rabwah - Pickup,"2,026",Smart,Sedan,Gray,STO,"2,925","3,200",36,NEW,Sedan
Accent,Jeddah,Jeddah - Sanabel,"2,026",Fleet,Sedan,White,MONTHLY,"2,569",,,NEW,Compact
Accent,Mecca,Makkah - Alaziziyyah,"2,025",Fleet,Sedan,Grey,STS,810,,,NEW,Compact
Yaris,Riyadh,Riyadh - As Sulimaniyah - Pickup,"2,026",Y,Sedan,White,STO,"2,300","2,500",36,NEW,Compact
6,Al Khobar,Al Khobar -  Al-Thuqbah,"2,022",Full Option,Sedan,Black,MONTHLY,"2,489",,,NEW,Sedan
Defender,Riyadh,Riyadh - Rahmaniyyah,"2,025",STD,SUV,Grey,MONTHLY,"38,049",,,NEW,SUV
GT,Riyadh,Riyadh - Al Falah,"2,024",STD,Sedan,Grey,STS,750,,,NEW,Sedan
Alsvin,Al Khobar,Al Khobar -  Al-Thuqbah,"2,024",STD,Sedan,Black,MONTHLY,"2,059",,,NEW,Sedan
i10,Riyadh,Riyadh - Al Falah,"2,025",STD,Sedan,Grey,MONTHLY,"2,105",,,NEW,Compact
Cerato,Jeddah,Jeddah - Al-Baghdadiyah Al-Gharbiyah,"2,023",LX,Sedan,White,STS,989,,,NEW,Compact
Alsvin,Riyadh,Riyadh - Al Quds,"2,024",STD,Sedan,White,MONTHLY,"1,729",,,NEW,Sedan
Pegas,Riyadh,Ritadh - Al Areed,"2,026",LX,Sedan,White,STS,680,,,NEW,Compact
Accent,Jeddah,Jeddah - An Nuzhah - Pickup,"2,026",Fleet,Sedan,Silver,STO,"2,500","1,200",36,NEW,Compact
Yaris,Riyadh,Riyadh - As Sahabah,"2,026",Y,Sedan,White,STS,750,,,NEW,Compact
Dzire,Riyadh,Riyadh - Al jazirah,"2,026",GL,Sedan,White,STS,770,,,NEW,Sedan
Accent,Jeddah,Jeddah - Ar Rawdah,"2,026",STD,Sedan,Grey,STS,860,,,NEW,Compact
Dzire,Riyadh,فرع القدس - Al-Quds  branch,"2,023",STD,Sedan,Golden,STS,570,,,NEW,Sedan
Sportage,Jeddah,Jeddah - Bani Malik,"2,023",LX,SUV,Silver,MONTHLY,"3,750",,,NEW,Crossover
Corolla,Riyadh,Riyadh - Al Yarmuk,"2,024",STD,Sedan,Black,STS,750,,,NEW,Sedan
Corolla,Riyadh,Riyadh - An Nahdah,"2,024",STD,Sedan,Black,STS,750,,,NEW,Sedan
Pegas,Riyadh,Riyadh - As Sulimaniyah,"2,026",STD,Sedan,Silver,STS,950,,,NEW,Compact
Accent,Riyadh,Riyadh - As Sulimaniyah,"2,026",STD,Sedan,Silver,STS,"1,180",,,NEW,Compact
Pegas,Riyadh,Riyadh - Makah Road,"2,026",LX,Sedan,White,MONTHLY,"1,859",,,NEW,Compact
5,Riyadh,Riyadh - An Nasim Al Gharbi - Pickup,"2,025",STD,Sedan,White,STO,"1,975","2,300",36,NEW,Compact
Accent,Riyadh,Riyadh - As Sahabah,"2,026",Fleet,Sedan,White,STS,870,,,NEW,Compact
Accent,Riyadh,Riyadh - As Sahabah,"2,026",Fleet,Sedan,White,STS,870,,,NEW,Compact
Accent,Dammam,Dammam - Al Rawdah - Pickup,"2,026",Fleet,Sedan,Gray,STO,"2,350","2,600",36,NEW,Compact
Accent,Jeddah,Jeddah - Ar Rabwah - Pickup,"2,026",Fleet,Sedan,Gray,STO,"2,350","2,600",36,NEW,Compact
Elantra,Jeddah,Jeddah - Ar Rabwah - Pickup,"2,026",Smart,Sedan,Silver,STO,"2,925","3,200",36,NEW,Sedan
Creta,Jeddah,Jeddah - Ar Rabwah - Pickup,"2,026",Smart,SUV,White,STO,"2,825","3,100",36,NEW,Crossover
Cityray,Jeddah,Jeddah - Ar Rabwah - Pickup,"2,026",GC,SUV,Gray,STO,"2,850","3,300",36,NEW,SUV
Jolion,Riyadh,Riyadh - As Sulimaniyah - Pickup,"2,026",Basic,Hatchback,Black,STO,"2,650","1,400",36,NEW,Crossover
Jolion,Jeddah,Jeddah - Al Sanabel  - Pickup,"2,026",STD,Hatchback,Gray,STO,"2,650","1,400",36,NEW,Crossover
2008,Riyadh,Riyadh - Al Faisaliyyah - STO - Pickup,"2,023",Active,Crossover,White,MONTHLY,"2,850","3,275",,USED,Crossover
Dzire,Riyadh,Riyadh - Al Wurud,"2,023",GL,Sedan,Grey,STS,742,,,NEW,Sedan
Yaris,Riyadh,Riyadh - As Sulimaniyah - Pickup,"2,026",Y,Sedan,White,STO,"2,300","2,500",36,NEW,Compact
Yaris,Riyadh,Riyadh - As Sulimaniyah - Pickup,"2,026",Y,Sedan,Gray,STO,"2,300","2,500",36,NEW,Compact
Accent,Riyadh,Riyadh - Ghirnatah,"2,024",Fleet,Sedan,Black,STS,859,,,NEW,Compact
Corolla,Riyadh,Riyadh - Al Yarmuk,"2,024",STD,Sedan,Black,STS,750,,,NEW,Sedan
Corolla,Riyadh,Riyadh - Al Yarmuk,"2,024",STD,Sedan,Black,STS,750,,,NEW,Sedan
Corolla,Riyadh,Riyadh - An Nahdah,"2,024",STD,Sedan,Black,STS,750,,,NEW,Sedan
Pegas,Al Khobar,Al Khobar -  Al-Thuqbah,"2,023",LX,Sedan,Beige,MONTHLY,"2,029",,,NEW,Compact
5,Riyadh,Riyadh - An Nasim Al Gharbi - Pickup,"2,025",STD,Sedan,Silver,STO,"1,975","2,300",36,NEW,Compact
Elantra,Jeddah,Jeddah - Palestine,"2,025",Fleet,Sedan,White,MONTHLY,"3,479",,,NEW,Sedan
Accent,Riyadh,Riyadh - King Fahd Rd,"2,024",Smart,Sedan,Grey,MONTHLY,"2,459",,,NEW,Compact
Yaris,Jeddah,Jeddah - Al Nuzha,"2,026",Y,Sedan,White,MONTHLY,"2,389",,,NEW,Compact
Accent,Jeddah,Jeddah - An Nuzhah - Pickup,"2,026",Fleet,Sedan,White,STO,"2,500","1,200",36,NEW,Compact
Accent,Riyadh,Riyadh - As Sahabah,"2,026",Fleet,Sedan,White,STS,870,,,NEW,Compact
Cityray,Riyadh,Riyadh - Al Quds - Pickup,"2,026",GC,SUV,Gray,STO,"2,850","1,800",36,NEW,SUV
Elantra,Riyadh,Riyadh - Al Quds - Pickup,"2,026",Smart,Sedan,Gray,STO,"2,925","3,200",36,NEW,Sedan
Jolion,Jeddah,Jeddah - Al Sanabel  - Pickup,"2,026",STD,Hatchback,Gray,STO,"2,650","1,400",36,NEW,Crossover
Dzire,Riyadh,Riyadh - King Fahd,"2,023",GL,Sedan,Silver,MONTHLY,"2,459",,,NEW,Sedan
Dzire,Riyadh,Riyadh - King Fahd,"2,023",GL,Sedan,Silver,MONTHLY,"2,459",,,NEW,Sedan
Pegas,Dammam,Dammam - Al Itisalat,"2,024",LX,Sedan,Grey,MONTHLY,"2,179",,,NEW,Compact
Pegas,Dammam,Dammam - Al Itisalat,"2,024",LX,Sedan,Grey,MONTHLY,"2,149",,,NEW,Compact
Sunny,Dammam,Dammam - Al Itisalat,"2,023",S,Sedan,Black,STS,929,,,NEW,Compact
Sunny,Jeddah,Jeddah - Bani Malik,"2,022",Classic,Sedan,Silver,MONTHLY,"2,339",,,NEW,Compact
Corolla,Riyadh,Riyadh - King Abdul Aziz,"2,023",XLI,Sedan,White,MONTHLY,"3,569",,,NEW,Sedan
Kicks,Dammam,Dammam - Al Itisalat,"2,024",S,SUV,Blue,MONTHLY,"3,079",,,NEW,Crossover
Grand i10,Riyadh,Riyadh - An Nahdah,"2,025",GLS,Sedan,Grey,MONTHLY,"1,919",,,NEW,Compact
Accent,Riyadh,Riyadh - Al Yarmuk,"2,025",Fleet,Sedan,Grey,MONTHLY,"3,079",,,NEW,Compact
Pegas,Al Khobar,Khobar -  King Abdullah Branch Road,"2,025",LX,Sedan,Gold,STS,779,,,NEW,Compact
Corolla,Al Khobar,Khobar -  King Abdullah Branch Road,"2,024",XLI,Sedan,White,STS,"1,249",,,NEW,Sedan
i10,Al Khobar,Khobar -  King Abdullah Branch Road,"2,024",MPI,Sedan,White,STS,779,,,NEW,Compact
i10,Al Khobar,Khobar -  King Abdullah Branch Road,"2,024",MPI,Sedan,White,STS,779,,,NEW,Compact
Yaris,Riyadh,Riyadh - Dhahrat Laban,"2,023",Y,Sedan,Silver,STS,889,,,NEW,Compact
Sunny,Dammam,Dammam - Al Itisalat,"2,024",SV,Sedan,Grey,MONTHLY,"2,399",,,NEW,Compact
Sunny,Dammam,Dammam - Al Itisalat,"2,024",SV,Sedan,Grey,MONTHLY,"2,399",,,NEW,Compact
Sunny,Dammam,Dammam - Al Itisalat,"2,024",S,Sedan,Silver,STS,"1,049",,,NEW,Compact
Sunny,Al Khobar,Al Khobar -  Al-Thuqbah,"2,024",S,Sedan,Silver,STS,"1,049",,,NEW,Compact
Sunny,Al Khobar,Al Khobar -  Al-Thuqbah,"2,024",S,Sedan,Silver,STS,"1,049",,,NEW,Compact
Dzire,Riyadh,Riyadh - An Nahdah,"2,023",GL,Sedan,Grey,STS,742,,,NEW,Sedan
Dzire,Riyadh,Riyadh - Qurtubah,"2,023",GL,Sedan,Grey,STS,639,,,NEW,Sedan
Dzire,Riyadh,Riyadh - Qurtubah,"2,023",GL,Sedan,Grey,STS,742,,,NEW,Sedan
Dzire,Riyadh,Riyadh - An Nahdah,"2,023",GL,Sedan,Grey,STS,639,,,NEW,Sedan
Yaris,Jeddah,Jeddah - Ar Rawdah,"2,023",Y,Sedan,White,MONTHLY,"2,439",,,NEW,Compact
Accent,Jeddah,Jeddah - Ar Rawdah,"2,023",Smart Plus,Sedan,White,MONTHLY,"2,459",,,NEW,Compact
Yukon,Riyadh,Riyadh - Qurtubah,"2,023",STD,SUV,Black,STS,"3,880",,,NEW,SUV
Kicks,Dammam,Dammam - Al Itisalat,"2,024",S,SUV,Blue,STS,"1,939",,,NEW,Crossover
Kicks,Dammam,Dammam - Al Itisalat,"2,024",S,SUV,Silver,STS,"1,939",,,NEW,Crossover
500,Dammam,Dammam - Al Itisalat,"2,024",STD,Hatchback,Grey,MONTHLY,"4,389",,,NEW,Compact
Accent,Dammam,Dammam - Al Itisalat,"2,023",Smart Plus,Sedan,Grey,STS,"1,169",,,NEW,Compact
Alsvin,Dammam,Dammam - Al Itisalat,"2,023",STD,Sedan,White,MONTHLY,"1,889",,,NEW,Sedan
Alsvin,Dammam,Dammam - Al Itisalat,"2,023",STD,Sedan,Silver,MONTHLY,"1,889",,,NEW,Sedan
Alsvin,Dammam,Dammam - Al Itisalat,"2,023",STD,Sedan,Silver,MONTHLY,"1,889",,,NEW,Sedan
Alsvin,Dammam,Dammam - Al Itisalat,"2,024",STD,Sedan,Silver,STS,"1,009",,,NEW,Sedan
Grand Creta,Riyadh,Riyadh - Qurtubah,"2,024",STD,SUV,Black,MONTHLY,"4,269",,,NEW,SUV
Sunny,Al Khobar,Al Khobar -  Al-Thuqbah,"2,024",S,Sedan,Silver,MONTHLY,"2,129",,,NEW,Compact
Pegas,Riyadh,Riyadh - An Nahdah,"2,026",STD,Sedan,Grey,STS,600,,,NEW,Compact
Pegas,Riyadh,Riyadh - An Nahdah,"2,026",STD,Sedan,Grey,STS,600,,,NEW,Compact
Pegas,Riyadh,Riyadh - An Nahdah,"2,026",STD,Sedan,Grey,STS,600,,,NEW,Compact
Yaris,Dammam,Riyadh - Tuwaiq,"2,026",STD,Sedan,Grey,STS,"1,040",,,NEW,Compact
Escalade,Jeddah,Jeddah - Madina Al-Munawarah,"2,025",Full,SUV,Black,MONTHLY,"48,449",,,NEW,SUV
520,Jeddah,Jeddah - Madina Al-Munawarah,"2,026",STD,Sedan,Silver,MONTHLY,"23,849",,,NEW,Sedan
520,Riyadh,Riyadh - Rahmaniyyah,"2,026",STD,Sedan,White,MONTHLY,"23,639",,,NEW,Sedan
Veloz,Riyadh,Riyadh - Al Yarmuk,"2,023",STD,SUV,White,STS,"1,500",,,NEW,Crossover
Veloz,Riyadh,Riyadh - Al Yarmuk,"2,023",STD,SUV,White,STS,"1,500",,,NEW,Crossover
Veloz,Riyadh,Riyadh - Al Yarmuk,"2,023",STD,SUV,White,STS,"1,500",,,NEW,Crossover
HS,Riyadh,Riyadh - Al Yarmuk,"2,023",STD,SUV,White,STS,"1,190",,,NEW,Crossover
HS,Riyadh,Riyadh - An Nahdah,"2,023",STD,SUV,White,STS,"1,190",,,NEW,Crossover
HS,Riyadh,Riyadh - An Nahdah,"2,023",STD,SUV,White,STS,"1,190",,,NEW,Crossover
HS,Riyadh,Riyadh - Al Falah,"2,023",STD,SUV,White,STS,"1,190",,,NEW,Crossover
HS,Riyadh,Riyadh - Al Falah,"2,023",STD,SUV,White,STS,"1,190",,,NEW,Crossover
HS,Riyadh,Riyadh - Al Falah,"2,023",STD,SUV,White,STS,"1,190",,,NEW,Crossover
Sunny,Riyadh,Riyadh - Al Yarmuk,"2,024",STD,Sedan,Silver,STS,600,,,NEW,Compact
Sunny,Riyadh,Riyadh - An Nahdah,"2,024",STD,Sedan,White,STS,600,,,NEW,Compact
Sunny,Riyadh,Riyadh - Al Falah,"2,024",STD,Sedan,White,STS,600,,,NEW,Compact
Sunny,Riyadh,Riyadh - Al Falah,"2,024",STD,Sedan,White,STS,600,,,NEW,Compact
Sunny,Riyadh,Riyadh - Al Falah,"2,024",STD,Sedan,White,STS,600,,,NEW,Compact
RX5,Riyadh,Riyadh - Al Yarmuk,"2,023",STD,SUV,White,MONTHLY,"3,469",,,NEW,Crossover
RX5,Riyadh,Riyadh - Al Yarmuk,"2,023",STD,SUV,White,MONTHLY,"3,469",,,NEW,Crossover
RX5,Riyadh,Riyadh - Al Yarmuk,"2,023",STD,SUV,White,MONTHLY,"3,469",,,NEW,Crossover
RX5,Riyadh,Riyadh - Al Yarmuk,"2,023",STD,SUV,White,MONTHLY,"3,469",,,NEW,Crossover
RX5,Riyadh,Riyadh - Al Yarmuk,"2,023",STD,SUV,White,MONTHLY,"3,469",,,NEW,Crossover
City,Riyadh,Riyadh - Al Yarmuk,"2,024",STD,Sedan,White,STS,750,,,NEW,Compact
City,Riyadh,Riyadh - Al Yarmuk,"2,024",STD,Sedan,White,STS,750,,,NEW,Compact
GT,Riyadh,Riyadh - Al Yarmuk,"2,024",STD,Sedan,Graphite,MONTHLY,"3,079",,,NEW,Sedan
GT,Riyadh,Riyadh - Al Yarmuk,"2,024",STD,Sedan,Graphite,MONTHLY,"3,079",,,NEW,Sedan
GT,Riyadh,Riyadh - Al Yarmuk,"2,024",STD,Sedan,Graphite,MONTHLY,"3,079",,,NEW,Sedan
GT,Riyadh,Riyadh - Al Yarmuk,"2,024",STD,Sedan,Graphite,MONTHLY,"3,079",,,NEW,Sedan
GT,Riyadh,Riyadh - An Nahdah,"2,024",STD,Sedan,Grey,MONTHLY,"3,079",,,NEW,Sedan
GT,Riyadh,Riyadh - An Nahdah,"2,024",STD,Sedan,Grey,MONTHLY,"3,079",,,NEW,Sedan
GT,Riyadh,Riyadh - An Nahdah,"2,024",STD,Sedan,Grey,MONTHLY,"3,079",,,NEW,Sedan
Corolla,Riyadh,Riyadh - Al Yarmuk,"2,024",STD,Sedan,Black,STS,750,,,NEW,Sedan
RX5,Riyadh,Riyadh - An Nahdah,"2,023",STD,SUV,White,MONTHLY,"3,469",,,NEW,Crossover
RX5,Riyadh,Riyadh - Al Falah,"2,023",STD,SUV,White,MONTHLY,"3,469",,,NEW,Crossover
Accent,Dammam,Dammam - Al Itisalat,"2,023",Smart Plus,Sedan,Silver,MONTHLY,"2,419",,,NEW,Compact
Eado,Dammam,Dammam - Al Itisalat,"2,023",Plus,Sedan,Silver,MONTHLY,"2,289",,,NEW,Sedan
Pegas,Dammam,Dammam - Al Itisalat,"2,023",LX,Sedan,Silver,MONTHLY,"1,959",,,NEW,Compact
Alsvin,Dammam,Dammam - Al Itisalat,"2,023",STD,Sedan,White,MONTHLY,"1,889",,,NEW,Sedan
Alsvin,Dammam,Dammam - Al Itisalat,"2,023",STD,Sedan,White,MONTHLY,"1,889",,,NEW,Sedan
Alsvin,Dammam,Dammam - Al Itisalat,"2,024",STD,Sedan,White,STS,"1,009",,,NEW,Sedan
Macan,Jeddah,Jeddah - Madina Al-Munawarah,"2,026",Full,SUV,Black,STS,,,,NEW,Crossover
Accent,Al Khobar,Al Khobar -  Al-Thuqbah,"2,023",Smart Plus,Sedan,White,MONTHLY,"2,419",,,NEW,Compact
Accent,Al Khobar,Al Khobar -  Al-Thuqbah,"2,023",Smart Plus,Sedan,White,MONTHLY,"2,419",,,NEW,Compact
Accent,Dammam,Dammam - Al Itisalat,"2,023",Smart Plus,Sedan,Silver,STS,"1,169",,,NEW,Compact
Accent,Dammam,Dammam - Al Itisalat,"2,023",Smart Plus,Sedan,Silver,STS,"1,169",,,NEW,Compact
Accent,Al Khobar,Al Khobar -  Al-Thuqbah,"2,023",Smart Plus,Sedan,White,STS,"1,169",,,NEW,Compact
Accent,Al Khobar,Al Khobar -  Al-Thuqbah,"2,023",Smart Plus,Sedan,White,STS,"1,169",,,NEW,Compact
Accent,Al Khobar,Al Khobar -  Al-Thuqbah,"2,023",Smart Plus,Sedan,White,STS,"1,169",,,NEW,Compact
Accent,Al Khobar,Al Khobar -  Al-Thuqbah,"2,024",Smart,Sedan,Grey,STS,"1,279",,,NEW,Compact
Accent,Al Khobar,Al Khobar -  Al-Thuqbah,"2,024",Smart,Sedan,Grey,STS,"1,279",,,NEW,Compact
Accent,Dammam,Dammam - Al Itisalat,"2,024",Smart,Sedan,Silver,STS,"1,279",,,NEW,Compact
Accent,Dammam,Dammam - Al Itisalat,"2,024",Smart,Sedan,Silver,STS,"1,279",,,NEW,Compact
Accent,Al Khobar,Al Khobar -  Al-Thuqbah,"2,024",Smart,Sedan,Silver,STS,"1,279",,,NEW,Compact
Alsvin,Al Khobar,Al Khobar -  Al-Thuqbah,"2,024",STD,Sedan,Black,MONTHLY,"2,059",,,NEW,Sedan
Alsvin,Al Khobar,Al Khobar -  Al-Thuqbah,"2,024",STD,Sedan,Black,MONTHLY,"2,059",,,NEW,Sedan
Alsvin,Dammam,Dammam - Al Itisalat,"2,024",STD,Sedan,Silver,MONTHLY,"2,059",,,NEW,Sedan
Alsvin,Dammam,Dammam - Al Itisalat,"2,024",STD,Sedan,White,STS,"1,009",,,NEW,Sedan
Alsvin,Al Khobar,Al Khobar -  Al-Thuqbah,"2,024",STD,Sedan,White,MONTHLY,"2,039",,,NEW,Sedan
Alsvin,Al Khobar,Al Khobar -  Al-Thuqbah,"2,023",STD,Sedan,Silver,MONTHLY,"1,879",,,NEW,Sedan
Alsvin,Dammam,Dammam - Al Itisalat,"2,023",STD,Sedan,White,MONTHLY,"1,889",,,NEW,Sedan
Alsvin,Al Khobar,Al Khobar -  Al-Thuqbah,"2,023",STD,Sedan,White,MONTHLY,"1,839",,,NEW,Sedan
Pegas,Dammam,Dammam - Al Itisalat,"2,024",LX,Sedan,Grey,MONTHLY,"2,179",,,NEW,Compact
Pegas,Al Khobar,Al Khobar -  Al-Thuqbah,"2,024",LX,Sedan,Grey,MONTHLY,"2,219",,,NEW,Compact
Pegas,Dammam,Dammam - Al Itisalat,"2,023",LX,Sedan,Silver,STS,969,,,NEW,Compact
Pegas,Al Khobar,Al Khobar -  Al-Thuqbah,"2,023",LX,Sedan,Grey,STS,969,,,NEW,Compact
Pegas,Jeddah,Jeddah - King Abdulaziz International Airport,"2,026",LX,Sedan,White,STS,,,,NEW,Compact
500,Al Khobar,Al Khobar -  Al-Thuqbah,"2,024",STD,Hatchback,Blue,MONTHLY,"4,389",,,NEW,Compact
Sunny,Dammam,Dammam - Al Itisalat,"2,023",S,Sedan,Black,STS,929,,,NEW,Compact
Sunny,Dammam,Dammam - Al Itisalat,"2,023",S,Sedan,Black,STS,929,,,NEW,Compact
Sunny,Dammam,Dammam - Al Itisalat,"2,024",S,Sedan,Silver,MONTHLY,"2,129",,,NEW,Compact
Sunny,Al Khobar,Al Khobar -  Al-Thuqbah,"2,024",S,Sedan,Silver,MONTHLY,"2,119",,,NEW,Compact
Sunny,Dammam,Dammam - Al Itisalat,"2,024",SV,Sedan,Grey,MONTHLY,"2,399",,,NEW,Compact
Sunny,Al Khobar,Al Khobar -  Al-Thuqbah,"2,024",SV,Sedan,Grey,MONTHLY,"2,349",,,NEW,Compact
Sunny,Al Khobar,Al Khobar -  Al-Thuqbah,"2,024",SV,Sedan,Silver,MONTHLY,"2,349",,,NEW,Compact
Sunny,Dammam,Dammam - Al Itisalat,"2,024",S,Sedan,Silver,STS,"1,049",,,NEW,Compact
Kicks,Dammam,Dammam - Al Itisalat,"2,024",S,SUV,Blue,MONTHLY,"3,079",,,NEW,Crossover
Sunny,Riyadh,Daily Riyadh - Al Aqiq,"2,022",Classic,Sedan,White,STS,700,,,NEW,Compact
Alsvin,Dammam,Dammam - Al Itisalat,"2,023",STD,Sedan,Silver,STS,969,,,NEW,Sedan
Alsvin,Dammam,Dammam - Al Itisalat,"2,023",STD,Sedan,Red,STS,969,,,NEW,Sedan
Alsvin,Dammam,Dammam - Al Itisalat,"2,023",STD,Sedan,Silver,STS,969,,,NEW,Sedan
Alsvin,Al Khobar,Al Khobar -  Al-Thuqbah,"2,023",STD,Sedan,Silver,STS,969,,,NEW,Sedan
Alsvin,Al Khobar,Al Khobar -  Al-Thuqbah,"2,023",STD,Sedan,White,STS,969,,,NEW,Sedan
Alsvin,Dammam,Dammam - Al Itisalat,"2,023",STD,Sedan,White,STS,969,,,NEW,Sedan
Alsvin,Dammam,Dammam - Al Itisalat,"2,024",STD,Sedan,Black,STS,"1,009",,,NEW,Sedan
Alsvin,Al Khobar,Al Khobar -  Al-Thuqbah,"2,024",STD,Sedan,Black,STS,"1,009",,,NEW,Sedan
Alsvin,Dammam,Dammam - Al Itisalat,"2,024",STD,Sedan,White,STS,"1,009",,,NEW,Sedan
Alsvin,Al Khobar,Al Khobar -  Al-Thuqbah,"2,024",STD,Sedan,White,STS,"1,009",,,NEW,Sedan
Pegas,Al Khobar,Al Khobar -  Al-Thuqbah,"2,024",LX,Sedan,Grey,STS,"1,009",,,NEW,Compact
Pegas,Al Khobar,Al Khobar -  Al-Thuqbah,"2,024",LX,Sedan,Grey,STS,"1,009",,,NEW,Compact
Pegas,Dammam,Dammam - Al Itisalat,"2,024",LX,Sedan,Grey,MONTHLY,"2,149",,,NEW,Compact
Pegas,Al Khobar,Al Khobar -  Al-Thuqbah,"2,024",LX,Sedan,Grey,STS,"1,009",,,NEW,Compact
Pegas,Al Khobar,Al Khobar -  Al-Thuqbah,"2,023",LX,Sedan,Beige,MONTHLY,"2,019",,,NEW,Compact
Pegas,Dammam,Dammam - Al Itisalat,"2,023",LX,Sedan,Beige,STS,969,,,NEW,Compact
Eado,Al Khobar,Al Khobar -  Al-Thuqbah,"2,023",Plus,Sedan,White,MONTHLY,"2,289",,,NEW,Sedan
Accent,Jeddah,Jeddah - Al Fayhaa,"2,026",Fleet,Sedan,White,MONTHLY,"3,179",,,NEW,Compact
520,Riyadh,Riyadh - As Sulimaniyah,"2,024",STD,Sedan,Black,MONTHLY,"16,719",,,NEW,Sedan
i10,Riyadh,Daily Riyadh - Al Aqiq,"2,026",MPI,Sedan,Silver,MONTHLY,"2,039",,,NEW,Compact
Accent,Riyadh,Daily Riyadh - Al Aqiq,"2,026",Fleet,Sedan,White,STS,,,,NEW,Compact
Accent,Riyadh,Daily Riyadh - Al Aqiq,"2,026",Fleet,Sedan,White,STS,,,,NEW,Compact
Emgrand,Riyadh,Daily Riyadh - Al Aqiq,"2,026",STD,Sedan,Black,STS,,,,NEW,Sedan
Coolray,Riyadh,Daily Riyadh - Al Aqiq,"2,026",GS,Crossover,Grey,STS,,,,NEW,Crossover
Yaris,Riyadh,Riyadh - Al Yarmuk,"2,026",STD,Sedan,White,MONTHLY,"2,429",,,NEW,Compact
Yaris,Riyadh,Riyadh - Al Yarmuk,"2,026",STD,Sedan,Grey,MONTHLY,"2,429",,,NEW,Compact
Pegas,Riyadh,Riyadh - Al Masiaf 2,"2,024",STD,Sedan,White,MONTHLY,"1,859",,,NEW,Compact
Pegas,Riyadh,Riyadh - Qurtubah,"2,024",STD,Sedan,Grey,MONTHLY,"1,819",,,NEW,Compact
Sunny,Riyadh,Riyadh - Sulimaniyah,"2,024",S,Sedan,Silver,STS,"1,179",,,NEW,Compact
Dzire,Riyadh,Daily Riyadh - Al Aqiq,"2,024",GL,Sedan,White,STS,700,,,NEW,Sedan
Dzire,Riyadh,Daily Riyadh - Al Aqiq,"2,024",GL,Sedan,White,STS,700,,,NEW,Sedan
Pegas,Riyadh,Riyadh - As Sulimaniyah,"2,026",STD,Sedan,Silver,STS,950,,,NEW,Compact
Accent,Riyadh,Riyadh - Al Khaleej,"2,026",Fleet,Sedan,White,MONTHLY,"2,499",,,NEW,Compact
Elantra,Riyadh,Riyadh - Qurtubah,"2,023",STD,Sedan,White,MONTHLY,"2,669",,,NEW,Sedan
Pegas,Jeddah,Jeddah - Al-Baghdadiyah Al-Gharbiyah,"2,025",LX,Sedan,White,MONTHLY,"2,299",,,NEW,Compact
Pegas,Jeddah,Jeddah - Al-Baghdadiyah Al-Gharbiyah,"2,025",LX,Sedan,Silver,MONTHLY,"2,350",,,NEW,Compact
Jolion,Mecca,Mecca - Al Nuzha,"2,025",Basic,Hatchback,Grey,STS,"1,579",,,NEW,Crossover
Jolion,Mecca,Mecca - Al Nuzha,"2,025",Basic,Hatchback,White,MONTHLY,"3,909",,,NEW,Crossover
Sunny,Madinah,Madinah - Al Jamawat,"2,024",S,Sedan,Silver,STS,"1,179",,,NEW,Compact
Pegas,Mecca,Mecca - Al Nuzha,"2,024",H,Sedan,Silver,STS,"1,079",,,NEW,Compact
Yaris,Dammam,Dammam - Al Rawdah,"2,026",STD,Sedan,White,STS,810,,,NEW,Compact
Sunny,Madinah,Madinah - Al Iskan,"2,024",S,Sedan,Silver,STS,"1,179",,,NEW,Compact
Yaris,Jeddah,Jeddah - Bani Malik,"2,026",Y,Sedan,White,MONTHLY,"2,329",,,NEW,Compact
Yaris,Jeddah,Jeddah - Al Baghdadiyah,"2,026",Y,Sedan,White,MONTHLY,"2,329",,,NEW,Compact
Yaris,Jeddah,Jeddah - Ar Rabwah,"2,026",Y,Sedan,White,MONTHLY,"2,329",,,NEW,Compact
Yaris,Jeddah,Jeddah - Al Baghdadiyah,"2,026",Y,Sedan,Silver,MONTHLY,"2,349",,,NEW,Compact
Sunny,Madinah,Madinah - Al Iskan,"2,024",S,Sedan,Silver,STS,"1,179",,,NEW,Compact
i10,Riyadh,Riyadh - Al Muruj - Pickup,"2,025",MPI,Sedan,White,MONTHLY,"1,809",,,NEW,Compact
Elantra,Riyadh,Riyadh - Al Yarmuk,"2,023",STD,Sedan,Grey,MONTHLY,"2,589",,,NEW,Sedan
Jolion,Mecca,Meeca - Kakia,"2,025",Basic,Hatchback,Grey,STS,"1,579",,,NEW,Crossover
Tucson,Riyadh,Riyadh - Al Yarmuk,"2,023",STD,SUV,Golden,MONTHLY,"4,189",,,NEW,Crossover
Sunny,Mecca,Mecca - Al Nuzha,"2,024",S,Sedan,Silver,STS,"1,179",,,NEW,Compact
Sunny,Mecca,Mecca - Al Nuzha,"2,024",S,Sedan,Silver,STS,"1,179",,,NEW,Compact
Cerato,Al Khobar,Khobar - Al Thawn,"2,023",LX,Sedan,White,STS,989,,,NEW,Compact
Pegas,Dammam,Dammam - Al Qadisyyah,"2,022",LX,Sedan,White,MONTHLY,"2,140",,,NEW,Compact
Alsvin,Riyadh,Riyadh - Al Falah,"2,025",STD,Sedan,White,MONTHLY,"2,129",,,NEW,Sedan
i10,Riyadh,Riyadh -  Al Yarmuk,"2,025",STD,Sedan,White,MONTHLY,"2,105",,,NEW,Compact
Pegas,Dammam,Dammam - Al Rawdah,"2,026",H,Sedan,White,MONTHLY,"2,050",,,NEW,Compact
Yaris,Dammam,Dammam - Al Rawdah,"2,026",STD,Sedan,White,STS,810,,,NEW,Compact
5,Riyadh,Riyadh - An Nasim Al Gharbi - Pickup,"2,025",STD,Sedan,White,STO,"1,975","2,300",,NEW,Compact
5,Riyadh,Riyadh - An Nasim Al Gharbi - Pickup,"2,025",STD,Sedan,White,STO,"1,975","2,300",,NEW,Compact
5,Riyadh,Riyadh - An Nasim Al Gharbi - Pickup,"2,025",STD,Sedan,White,STO,"1,975","2,300",,NEW,Compact
Elantra,Dammam,Dammam - Al Rawdah,"2,024",Fleet,Sedan,Grey,STS,980,,,NEW,Sedan
Yaris,Dammam,Dammam - Al Rawdah,"2,026",STD,Sedan,White,STS,810,,,NEW,Compact
Yaris,Dammam,Dammam - Al Rawdah,"2,026",STD,Sedan,White,STS,810,,,NEW,Compact
Alsvin,Riyadh,Riyadh - Al Quds,"2,024",STD,Sedan,Silver,MONTHLY,"1,729",,,NEW,Sedan
Accent,Dammam,Dammam - Al Rawda,"2,025",Fleet,Sedan,Silver,MONTHLY,"2,459",,,NEW,Compact
Alsvin,Dammam,Dammam - Al Rawda,"2,024",STD,Sedan,White,MONTHLY,"1,739",,,NEW,Sedan
Elantra,Dammam,Dammam - Al Rawda,"2,024",Fleet,Sedan,Grey,MONTHLY,"3,089",,,NEW,Sedan
Accent,Riyadh,Riyadh - Al Sahaba,"2,025",Fleet,Sedan,White,MONTHLY,"2,469",,,NEW,Compact
Alsvin,Dammam,Dammam - Al Rawda,"2,025",STD,Sedan,Silver,MONTHLY,"1,849",,,NEW,Sedan
Elantra,Jeddah,Jeddah - Aziziyah,"2,024",Fleet,Sedan,Grey,MONTHLY,"3,109",,,NEW,Sedan
Alsvin,Dammam,Dammam - Al Rawda,"2,024",STD,Sedan,White,MONTHLY,"1,739",,,NEW,Sedan
Elantra,Riyadh,Riyadh - King Fahd Rd,"2,025",Fleet,Sedan,Silver,MONTHLY,"3,459",,,NEW,Sedan
Accent,Dammam,Dammam - Al Rawda,"2,024",Smart,Sedan,White,MONTHLY,"2,379",,,NEW,Compact
Alsvin,Riyadh,Riyadh - Al Quds,"2,024",STD,Sedan,Silver,MONTHLY,"1,749",,,NEW,Sedan
Elantra,Riyadh,Riyadh - Al Quds,"2,025",Fleet,Sedan,Silver,MONTHLY,"3,509",,,NEW,Sedan
Accent,Jeddah,Jeddah - Palestine,"2,025",Fleet,Sedan,White,MONTHLY,"2,489",,,NEW,Compact
Alsvin,Riyadh,Riyadh - Al Quds,"2,024",STD,Sedan,White,MONTHLY,"1,739",,,NEW,Sedan
Alsvin,Dammam,Dammam - Al Rawda,"2,025",STD,Sedan,Silver,MONTHLY,"1,829",,,NEW,Sedan
Eado,Dammam,Dammam - Al Rawda,"2,025",Plus,Sedan,White,MONTHLY,"2,969",,,NEW,Sedan
Elantra,Riyadh,Riyadh - Qurtubah 2,"2,024",Fleet,Sedan,White,MONTHLY,"3,079",,,NEW,Sedan
Yaris,Dammam,Dammam - Al Rawda,"2,024",Y,Sedan,Grey,MONTHLY,"2,339",,,NEW,Compact
Accent,Jeddah,Jeddah - Salamah,"2,025",Fleet,Sedan,White,MONTHLY,"2,489",,,NEW,Compact
Yaris,Riyadh,Riyadh - Qurtubah 2,"2,024",Y,Sedan,Grey,MONTHLY,"2,349",,,NEW,Compact
Elantra,Riyadh,Riyadh - Al Quds,"2,024",Fleet,Sedan,Grey,MONTHLY,"3,089",,,NEW,Sedan
Elantra,Dammam,Dammam - Al Rawda,"2,024",Fleet,Sedan,Grey,MONTHLY,"3,089",,,NEW,Sedan
Yaris,Jeddah,Jeddah - Palestine,"2,024",Y,Sedan,White,MONTHLY,"2,309",,,NEW,Compact
Alsvin,Dammam,Dammam - Al Rawda,"2,025",STD,Sedan,Silver,MONTHLY,"1,839",,,NEW,Sedan
Alsvin,Riyadh,Riyadh - Al Quds,"2,024",STD,Sedan,White,MONTHLY,"1,739",,,NEW,Sedan
Dzire,Riyadh,Riyadh - Al Quds,"2,024",GL,Sedan,Silver,MONTHLY,"2,039",,,NEW,Sedan
Accent,Jeddah,Jeddah - Al-Madinah Al-Munawarah,"2,025",Fleet,Sedan,Silver,MONTHLY,"2,499",,,NEW,Compact
Elantra,Riyadh,Riyadh - Al Quds,"2,025",Fleet,Sedan,Gray,MONTHLY,"3,529",,,NEW,Sedan
Dzire,Riyadh,Riyadh - Qurtubah 2,"2,024",GL,Sedan,Silver,MONTHLY,"2,039",,,NEW,Sedan
Dzire,Riyadh,Riyadh - Al Quds,"2,024",GL,Sedan,Silver,MONTHLY,"2,029",,,NEW,Sedan
Elantra,Dammam,Dammam - Al Rawda,"2,025",Fleet,Sedan,Grey,MONTHLY,"3,489",,,NEW,Sedan
Dzire,Jeddah,Jeddah - Palestine,"2,024",GL,Sedan,Silver,MONTHLY,"2,039",,,NEW,Sedan
Pegas,Arar,ARAR,"2,026",LX,Sedan,White,MONTHLY,"2,460",,,NEW,Compact
Elantra,Riyadh,Riyadh - Al Masiaf 2,"2,023",STD,Sedan,Grey,MONTHLY,"2,569",,,NEW,Sedan
Hilux,Riyadh,Riyadh - Al Masiaf,"2,025",STD,Pickup,White,STS,"3,000",,,NEW,Pickup
Sunny,Riyadh,Riyadh - Sulimaniyah,"2,024",S,Sedan,Silver,STS,"1,179",,,NEW,Compact
Sunny,Riyadh,Riyadh - Sulimaniyah,"2,024",S,Sedan,Silver,STS,"1,179",,,NEW,Compact
Sunny,Jeddah,Jeddah - Palestine,"2,024",S,Sedan,Silver,STS,"1,179",,,NEW,Compact
Sunny,Jeddah,Jeddah - Palestine,"2,024",S,Sedan,Silver,STS,"1,179",,,NEW,Compact
Sunny,Jeddah,Jeddah - Palestine,"2,024",S,Sedan,Silver,STS,"1,179",,,NEW,Compact
Sunny,Jeddah,Jeddah - Palestine,"2,024",S,Sedan,Silver,STS,"1,179",,,NEW,Compact
Sunny,Jeddah,Jeddah - Palestine,"2,024",S,Sedan,Silver,STS,"1,179",,,NEW,Compact
RX5,Riyadh,Riyadh - Al Rawdah,"2,022",STD,SUV,Black,MONTHLY,"2,539",,,NEW,Crossover
Jolion,Jeddah,Jeddah - Palestine,"2,025",Basic,Hatchback,Silver,MONTHLY,"4,019",,,NEW,Crossover
Jolion,Jeddah,Jeddah - Palestine,"2,025",Basic,Hatchback,Silver,MONTHLY,"4,019",,,NEW,Crossover
Pegas,Riyadh,Noon - Dhahrat Laban,"2,024",STD,Sedan,Silver,STS,610,,,NEW,Compact
Jolion,Jeddah,Jeddah - Palestine,"2,025",Basic,Hatchback,Silver,MONTHLY,"4,019",,,NEW,Crossover
Jolion,Jeddah,Jeddah - Palestine,"2,025",Basic,Hatchback,Silver,STS,"1,579",,,NEW,Crossover
Yaris,Arar,ARAR,"2,026",Y,Sedan,White,MONTHLY,"2,816",,,NEW,Compact
i10,Riyadh,Daily Riyadh - Al Aqiq,"2,026",MPI,Sedan,White,STS,700,,,NEW,Compact
RAV4,Riyadh,Riyadh - Al Masiaf,"2,026",STD,SUV,Black,MONTHLY,"7,429",,,NEW,Crossover
Creta,Riyadh,Riyadh - Dhahrat Laban - Pickup,"2,026",Fleet,SUV,Silver,STO,"2,725","3,000",,NEW,Crossover
Yaris,Al Khobar,Al Khobar - Al Thuqbah,"2,026",STD,Sedan,White,STS,810,,,NEW,Compact
Yaris,Al Khobar,Al Khobar - Al Thuqbah,"2,026",STD,Sedan,White,STS,810,,,NEW,Compact
Yaris,Al Khobar,Al Khobar - Al Thuqbah,"2,026",STD,Sedan,White,STS,810,,,NEW,Compact
Elantra,Dammam,Dammam - Al Jesr,"2,024",Fleet,Sedan,White,STS,980,,,NEW,Sedan
Territory,Al Khobar,Al Khobar - Al Thuqbah,"2,024",STD,CUV,White,STS,"2,330",,,NEW,Crossover
Grand i10,Jeddah,Jeddah  - North,"2,026",GLS,Sedan,White,STS,,,,NEW,Compact
Grand i10,Jeddah,Jeddah  - North,"2,026",GLS,Sedan,White,STS,,,,NEW,Compact
Grand i10,Jeddah,Jeddah  - North,"2,026",GLS,Sedan,White,STS,,,,NEW,Compact
Grand i10,Jeddah,Jeddah  - North,"2,026",GLS,Sedan,White,STS,,,,NEW,Compact
Grand i10,Jeddah,Jeddah  - Al Naseem,"2,026",GLS,Sedan,Silver,STS,,,,NEW,Compact
Pegas,Riyadh,Riyadh - Anas BinMalik,"2,026",LX,Sedan,White,STS,680,,,NEW,Compact
Pegas,Riyadh,Riyadh - Anas BinMalik,"2,026",LX,Sedan,White,STS,680,,,NEW,Compact
Elantra,Riyadh,Riyadh - Anas BinMalik,"2,025",Fleet,Sedan,Silver,MONTHLY,"2,859",,,NEW,Sedan
Accent,Riyadh,Riyadh - Anas BinMalik,"2,026",Fleet,Sedan,Black,STS,720,,,NEW,Compact
Grand i10,Jeddah,Jeddah  - Al Naseem,"2,026",GLS,Sedan,Silver,MONTHLY,"2,099",,,NEW,Compact
Yaris,Riyadh,Riyadh - Ar Rimal - Pickup,"2,026",Y,Sedan,White,STO,"2,300","2,500",,NEW,Compact
Yaris,Riyadh,Riyadh - Ar Rimal - Pickup,"2,026",Y,Sedan,White,STO,"2,300","2,500",,NEW,Compact
Yaris,Jeddah,Jeddah - Al Fayha - Pickup,"2,026",Y,Sedan,White,STO,"2,300","2,500",,NEW,Compact
Yaris,Jeddah,Jeddah - Al Fayha - Pickup,"2,026",Y,Sedan,Silver,STO,"2,300","2,500",,NEW,Compact
Yaris,Riyadh,Riyadh - Ar Rimal - Pickup,"2,026",Y,Sedan,Gray,STO,"2,300","2,500",,NEW,Compact
Yaris,Jeddah,Jeddah - Al Fayha - Pickup,"2,026",Y,Sedan,White,STO,"2,300","2,500",,NEW,Compact
Yaris,Riyadh,Riyadh - Ar Rimal - Pickup,"2,026",Y,Sedan,Silver,STO,"2,300","2,500",,NEW,Compact
Yaris,Jeddah,Jeddah - Al Fayha - Pickup,"2,026",Y,Sedan,Silver,STO,"2,300","2,500",,NEW,Compact
Yaris,Riyadh,Riyadh - Al Yarmuk,"2,026",Y,Sedan,White,STS,"1,040",,,NEW,Compact
Yaris,Jeddah,Jeddah - Al Nuzha,"2,026",Y,Sedan,White,MONTHLY,"2,389",,,NEW,Compact
Yaris,Riyadh,Riyadh - Al Aziziyah,"2,026",Y,Sedan,White,MONTHLY,"2,379",,,NEW,Compact
Yaris,Riyadh,Riyadh - Al Urubah,"2,026",Y,Sedan,White,STS,830,,,NEW,Compact
Sonet,Riyadh,Ritadh - Al Areed,"2,026",LX,SUV,Black,STS,"1,130",,,NEW,Crossover
Accent,Riyadh,Riyadh - Dhahrat Laban - Pickup,"2,026",Fleet,Sedan,Silver,STO,"2,500","2,700",,NEW,Compact
Accent,Riyadh,Riyadh - As Sahabah,"2,026",Fleet,Sedan,Grey,MONTHLY,"2,549",,,NEW,Compact
Accent,Riyadh,Riyadh - As Sahabah,"2,026",Fleet,Sedan,Grey,MONTHLY,"2,549",,,NEW,Compact
Accent,Riyadh,Riyadh - As Sahabah,"2,026",Fleet,Sedan,Grey,MONTHLY,"2,549",,,NEW,Compact
Accent,Riyadh,Riyadh - As Sahabah,"2,026",Fleet,Sedan,Grey,MONTHLY,"2,549",,,NEW,Compact
Accent,Riyadh,Riyadh - As Sahabah,"2,026",Fleet,Sedan,White,STS,870,,,NEW,Compact
Accent,Riyadh,Riyadh - As Sahabah,"2,026",Fleet,Sedan,White,STS,870,,,NEW,Compact
Accent,Riyadh,Riyadh - As Sahabah,"2,026",Fleet,Sedan,White,STS,870,,,NEW,Compact
Accent,Riyadh,Riyadh - As Sahabah,"2,026",Fleet,Sedan,Grey,STS,870,,,NEW,Compact
Accent,Riyadh,Riyadh - As Sahabah,"2,026",Fleet,Sedan,Grey,STS,870,,,NEW,Compact
Accent,Riyadh,Riyadh - As Sahabah,"2,026",Fleet,Sedan,Grey,STS,870,,,NEW,Compact
Yaris,Riyadh,Riyadh - As Sahabah,"2,026",Y,Sedan,Grey,MONTHLY,"2,439",,,NEW,Compact
Yaris,Riyadh,Riyadh - As Sahabah,"2,026",Y,Sedan,Silver,MONTHLY,"2,439",,,NEW,Compact
Yaris,Riyadh,Riyadh - As Sahabah,"2,026",Y,Sedan,Silver,MONTHLY,"2,439",,,NEW,Compact
Yaris,Riyadh,Riyadh - As Sahabah,"2,026",Y,Sedan,White,MONTHLY,"2,439",,,NEW,Compact
Yaris,Riyadh,Riyadh - As Sahabah,"2,026",Y,Sedan,White,MONTHLY,"2,439",,,NEW,Compact
Yaris,Riyadh,Riyadh - As Sahabah,"2,026",Y,Sedan,White,MONTHLY,"2,439",,,NEW,Compact
Yaris,Riyadh,Riyadh - As Sahabah,"2,026",Y,Sedan,White,MONTHLY,"2,439",,,NEW,Compact
Yaris,Riyadh,Riyadh - As Sahabah,"2,026",Y,Sedan,White,MONTHLY,"2,439",,,NEW,Compact
Yaris,Riyadh,Riyadh - As Sahabah,"2,026",Y,Sedan,White,MONTHLY,"2,439",,,NEW,Compact
Yaris,Riyadh,Riyadh - As Sahabah,"2,026",Y,Sedan,White,MONTHLY,"2,439",,,NEW,Compact
Yaris,Riyadh,Riyadh - As Sahabah,"2,026",Y,Sedan,White,MONTHLY,"2,439",,,NEW,Compact
Yaris,Riyadh,Riyadh - As Sahabah,"2,026",Y,Sedan,Grey,STS,750,,,NEW,Compact
Yaris,Riyadh,Riyadh - As Sahabah,"2,026",Y,Sedan,White,STS,750,,,NEW,Compact
Yaris,Riyadh,Riyadh - As Sahabah,"2,026",Y,Sedan,White,STS,750,,,NEW,Compact
Yaris,Riyadh,Riyadh - As Sahabah,"2,026",Y,Sedan,White,STS,750,,,NEW,Compact
Yaris,Riyadh,Riyadh - As Sahabah,"2,026",Y,Sedan,White,STS,750,,,NEW,Compact
Corolla,Riyadh,Riyadh - As Sahabah,"2,026",XLI,Sedan,White,MONTHLY,"3,029",,,NEW,Sedan
Corolla,Riyadh,Riyadh - As Sahabah,"2,026",XLI,Sedan,White,MONTHLY,"3,029",,,NEW,Sedan
Pegas,Riyadh,Riyadh - As Sahabah,"2,026",LX,Sedan,Silver,STS,750,,,NEW,Compact
Creta,Riyadh,Riyadh - Dhahrat Laban - Pickup,"2,026",Fleet,SUV,Gray,STO,"2,725","3,000",,NEW,Crossover
Creta,Riyadh,Riyadh - Dhahrat Laban - Pickup,"2,026",Fleet,SUV,Silver,STO,"2,725","3,000",,NEW,Crossover
Emgrand,Riyadh,Riyadh - Khorreiss Road - Pickup,"2,026",STD,Sedan,White,STO,"2,150","2,400",,NEW,Sedan
Emgrand,Riyadh,Riyadh - Khorreiss Road - Pickup,"2,026",STD,Sedan,White,STO,"2,150","2,400",,NEW,Sedan
Emgrand,Riyadh,Riyadh - Khorreiss Road - Pickup,"2,026",STD,Sedan,White,STO,"2,150","2,400",,NEW,Sedan
Kona,Riyadh,فرع القدس - Al-Quds  branch,"2,023",Comfort,Crossover,Silver,MONTHLY,"3,469",,,NEW,Crossover
Grand i10,Riyadh,Riyadh - Al jazirah,"2,025",GLS,Sedan,White,MONTHLY,"1,929",,,NEW,Compact
Grand i10,Riyadh,Riyadh - Al jazirah,"2,025",GLS,Sedan,White,MONTHLY,"1,929",,,NEW,Compact
Grand i10,Riyadh,Riyadh - Al jazirah,"2,025",GLS,Sedan,White,MONTHLY,"1,929",,,NEW,Compact
Grand i10,Riyadh,Riyadh - Al jazirah,"2,025",GLS,Sedan,White,MONTHLY,"1,929",,,NEW,Compact
Grand i10,Riyadh,Riyadh - Al jazirah,"2,025",GLS,Sedan,White,MONTHLY,"1,929",,,NEW,Compact
Grand i10,Riyadh,Riyadh - Al jazirah,"2,025",GLS,Sedan,White,MONTHLY,"1,929",,,NEW,Compact
Grand i10,Riyadh,Riyadh - Al jazirah,"2,025",GLS,Sedan,White,MONTHLY,"1,929",,,NEW,Compact
Grand i10,Riyadh,Riyadh - Al Yarmuk,"2,025",GLS,Sedan,White,MONTHLY,"1,889",,,NEW,Compact
Accent,Dammam,Dammam - Al Rawdah - Pickup,"2,026",Fleet,Sedan,Gray,STO,"2,350","1,400",,NEW,Compact
Accent,Riyadh,Riyadh - Al Quds - Pickup,"2,026",Fleet,Sedan,Gray,STO,"2,350","1,400",,NEW,Compact
Accent,Jeddah,Jeddah - Ar Rabwah - Pickup,"2,026",Fleet,Sedan,Gray,STO,"2,350","1,400",,NEW,Compact
Accent,Jeddah,Jeddah - Ar Rabwah - Pickup,"2,026",Fleet,Sedan,Gray,STO,"2,350","1,400",,NEW,Compact
Accent,Dammam,Dammam - Al Rawdah - Pickup,"2,026",Fleet,Sedan,Gray,STO,"2,350","1,400",,NEW,Compact
Accent,Dammam,Dammam - Al Rawdah - Pickup,"2,026",Fleet,Sedan,Gray,STO,"2,350","1,400",,NEW,Compact
Accent,Dammam,Dammam - Al Rawdah - Pickup,"2,026",Fleet,Sedan,Gray,STO,"2,350","1,400",,NEW,Compact
Accent,Jeddah,Jeddah - Ar Rabwah - Pickup,"2,026",Fleet,Sedan,Gray,STO,"2,350","1,400",,NEW,Compact
Accent,Riyadh,Riyadh - Al Quds - Pickup,"2,026",Fleet,Sedan,Gray,STO,"2,350","1,400",,NEW,Compact
Creta,Jeddah,Jeddah - Ar Rabwah - Pickup,"2,026",Smart,SUV,Gray,STO,"2,825","1,700",,NEW,Crossover
Creta,Jeddah,Jeddah - Ar Rabwah - Pickup,"2,026",Smart,SUV,White,STO,"2,825","1,700",,NEW,Crossover
Elantra,Riyadh,Riyadh - Al Quds - Pickup,"2,026",Smart,Sedan,Silver,STO,"2,925","1,700",,NEW,Sedan
Elantra,Riyadh,Riyadh - Al Quds - Pickup,"2,026",Smart,Sedan,White,STO,"2,925","1,700",,NEW,Sedan
Cityray,Dammam,Dammam - Al Rawdah - Pickup,"2,026",GC,SUV,Gray,STO,"2,850","1,800",,NEW,SUV
Elantra,Jeddah,Jeddah - Ar Rabwah - Pickup,"2,026",Smart,Sedan,Gray,STO,"2,925","3,200",,NEW,Sedan
Cityray,Dammam,Dammam - Al Rawdah - Pickup,"2,026",GC,SUV,Silver,STO,"2,850","3,300",,NEW,SUV
Elantra,Jeddah,Jeddah - Ar Rabwah - Pickup,"2,026",Smart,Sedan,Silver,STO,"2,925","1,700",,NEW,Sedan
Kona,Riyadh,Riyadh - Al Quds - Pickup,"2,026",Smart,Crossover,White,STO,"3,000","3,300",,NEW,Crossover
Elantra,Dammam,Dammam - Al Rawdah - Pickup,"2,026",Smart,Sedan,Gray,STO,"2,925","1,700",,NEW,Sedan
Cityray,Dammam,Dammam - Al Rawdah - Pickup,"2,026",GC,SUV,Gray,STO,"2,850","3,300",,NEW,SUV
Elantra,Riyadh,Riyadh - Al Quds - Pickup,"2,026",Smart,Sedan,Gray,STO,"2,925","1,700",,NEW,Sedan
Cityray,Jeddah,Jeddah - Ar Rabwah - Pickup,"2,026",GC,SUV,Gray,STO,"2,850","1,800",,NEW,SUV
Creta,Jeddah,Jeddah - Ar Rabwah - Pickup,"2,026",Smart,SUV,Gray,STO,"2,825","1,700",,NEW,Crossover
Cityray,Dammam,Dammam - Al Rawdah - Pickup,"2,026",GC,SUV,Silver,STO,"2,850","1,800",,NEW,SUV
Creta,Jeddah,Jeddah - Ar Rabwah - Pickup,"2,026",Smart,SUV,White,STO,"2,825","1,700",,NEW,Crossover
Elantra,Jeddah,Jeddah - Ar Rabwah - Pickup,"2,026",Smart,Sedan,Gray,STO,"2,925","1,700",,NEW,Sedan
Cityray,Dammam,Dammam - Al Rawdah - Pickup,"2,026",GC,SUV,Silver,STO,"2,850","3,300",,NEW,SUV
Elantra,Jeddah,Jeddah - Ar Rabwah - Pickup,"2,026",Smart,Sedan,Silver,STO,"2,925","1,700",,NEW,Sedan
Elantra,Riyadh,Riyadh - Al Quds - Pickup,"2,026",Smart,Sedan,White,STO,"2,925","1,700",,NEW,Sedan
Pegas,Riyadh,Riyadh - Makah Road,"2,026",LX,Sedan,Silver,MONTHLY,"1,879",,,NEW,Compact
Pegas,Riyadh,Riyadh - Makah Road,"2,026",LX,Sedan,Silver,MONTHLY,"1,879",,,NEW,Compact
Dzire,Riyadh,فرع القدس - Al-Quds  branch,"2,024",GL,Sedan,White,STS,630,,,NEW,Sedan
RX5,Riyadh,Riyadh - Al Aqiq,"2,022",STD,SUV,Black,MONTHLY,"2,549",,,NEW,Crossover
Kicks,Riyadh,Riyadh - Al Qirawan,"2,024",S,SUV,Grey,MONTHLY,"2,599",,,NEW,Crossover
Yaris,Jeddah,Jeddah - 70,"2,024",Y,Sedan,White,MONTHLY,"2,529",,,NEW,Compact
Yaris,Jeddah,Jeddah - 70,"2,024",Y,Sedan,White,MONTHLY,"2,509",,,NEW,Compact
Yaris,Jeddah,Jeddah - 70,"2,024",Y,Sedan,Grey,MONTHLY,"2,509",,,NEW,Compact
Yaris,Jeddah,Jeddah - Palastin,"2,024",Y,Sedan,Grey,MONTHLY,"2,529",,,NEW,Compact
Jolion,Riyadh,Riyadh - As Sulimaniyah - Pickup,"2,026",Basic,Hatchback,Gray,STO,"2,650","1,400",,NEW,Crossover
Jolion,Jeddah,Jeddah - Al Sanabel  - Pickup,"2,026",STD,Hatchback,Gray,STO,"2,650","1,400",,NEW,Crossover
Jolion,Jeddah,Jeddah - Al Sanabel  - Pickup,"2,026",STD,Hatchback,Black,STO,"2,650","1,400",,NEW,Crossover
Jolion,Riyadh,Riyadh - As Sulimaniyah - Pickup,"2,026",Basic,Hatchback,Black,STO,"2,650","1,400",,NEW,Crossover
Jolion,Jeddah,Jeddah - Al Sanabel  - Pickup,"2,026",STD,Hatchback,Black,STO,"2,650","1,400",,NEW,Crossover
Jolion,Riyadh,Riyadh - As Sulimaniyah - Pickup,"2,026",Basic,Hatchback,White,STO,"2,650","1,400",,NEW,Crossover
Jolion,Jeddah,Jeddah - Al Sanabel  - Pickup,"2,026",STD,Hatchback,Gray,STO,"2,650","1,400",,NEW,Crossover
Jolion,Jeddah,Jeddah - Al Sanabel  - Pickup,"2,026",STD,Hatchback,White,STO,"2,650","1,400",,NEW,Crossover
Jolion,Jeddah,Jeddah - Al Sanabel  - Pickup,"2,026",STD,Hatchback,White,STO,"2,650","1,400",,NEW,Crossover
Jolion,Riyadh,Riyadh - As Sulimaniyah - Pickup,"2,026",Basic,Hatchback,White,STO,"2,650","1,400",,NEW,Crossover
Jolion,Riyadh,Riyadh - As Sulimaniyah - Pickup,"2,026",Basic,Hatchback,Gray,STO,"2,650","1,400",,NEW,Crossover
Jolion,Jeddah,Jeddah - Al Sanabel  - Pickup,"2,026",STD,Hatchback,White,STO,"2,650","1,400",,NEW,Crossover
Jolion,Riyadh,Riyadh - As Sulimaniyah - Pickup,"2,026",Basic,Hatchback,Black,STO,"2,650","1,400",,NEW,Crossover
Jolion,Riyadh,Riyadh - As Sulimaniyah - Pickup,"2,026",Basic,Hatchback,Gray,STO,"2,650","1,400",,NEW,Crossover
Jolion,Riyadh,Riyadh - As Sulimaniyah - Pickup,"2,026",Basic,Hatchback,Gray,STO,"2,650","1,400",,NEW,Crossover
Jolion,Riyadh,Riyadh - As Sulimaniyah - Pickup,"2,026",Basic,Hatchback,Black,STO,"2,650","1,400",,NEW,Crossover
Jolion,Riyadh,Riyadh - As Sulimaniyah - Pickup,"2,026",Basic,Hatchback,Gray,STO,"2,650","1,400",,NEW,Crossover
Jolion,Riyadh,Riyadh - As Sulimaniyah - Pickup,"2,026",Basic,Hatchback,Black,STO,"2,650","1,400",,NEW,Crossover
Pegas,Jeddah,Jeddah - Ar Rawdah,"2,024",LX,Sedan,Grey,MONTHLY,"1,789",,,NEW,Compact
Arrizo 5,Jeddah,Jeddah - Bani Malik,"2,023",Comfort,Sedan,White,MONTHLY,"1,839",,,NEW,Sedan
Arrizo 5,Jeddah,Jeddah - Bani Malik,"2,023",Comfort,Sedan,White,MONTHLY,"1,839",,,NEW,Sedan
Arrizo 5,Jeddah,Dammam - Al Itisalat,"2,023",Comfort,Sedan,Black,MONTHLY,"1,829",,,NEW,Sedan
Arrizo 5,Jeddah,Jeddah - Al Baghdadiyah,"2,023",Comfort,Sedan,White,MONTHLY,"1,879",,,NEW,Sedan
Arrizo 5,Jeddah,Jeddah - Al Baghdadiyah,"2,023",Comfort,Sedan,Silver,MONTHLY,"1,829",,,NEW,Sedan
Arrizo 5,Jeddah,Jeddah - Bani Malik,"2,023",Comfort,Sedan,Grey,MONTHLY,"1,829",,,NEW,Sedan
RX8,Jeddah,Jeddah - Bani Malik,"2,022",STD,SUV,Grey,MONTHLY,"5,289",,,NEW,SUV
Pegas,Riyadh,Riyadh - Al Yarmuk,"2,026",LX,Sedan,Silver,MONTHLY,"1,909",,,NEW,Compact
GT,Jeddah,Jeddah - Al Baghdadiyah,"2,022",STD,Sedan,Yellow,MONTHLY,"2,339",,,NEW,Sedan
5,Jeddah,Jeddah - Al Baghdadiyah,"2,023",STD,Sedan,White,MONTHLY,"1,899",,,NEW,Compact
Alsvin,Riyadh,Riyadh - Sulimaniyah,"2,024",STD,Sedan,White,MONTHLY,"1,739",,,NEW,Sedan
Elantra,Riyadh,Riyadh - Al Yarmuk,"2,023",Fleet,Sedan,Grey,MONTHLY,"2,599",,,NEW,Sedan
Raize,Mecca,Makkah - Alaziziyyah,"2,026",XLE,SUV,Silver,MONTHLY,"2,869",,,NEW,Crossover
Pegas,Jeddah,Jeddah - Bani Malik,"2,024",LX,Sedan,White,MONTHLY,"1,820",,,NEW,Compact
Veloz,Jeddah,Jeddah - Al Salama,"2,024",STD,SUV,White,MONTHLY,"4,490",,,NEW,Crossover
Sportage,Jeddah,Jeddah - Bani Malik,"2,023",LX,SUV,Silver,STS,"1,669",,,NEW,Crossover
Mirage,Jeddah,Jeddah - Bani Malik,"2,022",STD,Hatchback,Silver,MONTHLY,"1,770",,,NEW,Compact
Dzire,Jeddah,Jeddah - Ar Rabwah,"2,022",GL,Sedan,Brown,STS,569,,,NEW,Sedan
Sunny,Jeddah,Jeddah - Al Baghdadiyah,"2,022",Classic,Sedan,White,MONTHLY,"1,820",,,NEW,Compact
Sunny,Jeddah,Jeddah - Bani Malik,"2,022",Classic,Sedan,White,STS,569,,,NEW,Compact
Sunny,Jeddah,Jeddah - Bani Malik,"2,022",Classic,Sedan,Brown,MONTHLY,"1,820",,,NEW,Compact
Yaris,Jeddah,Jeddah - Bani Malik,"2,026",Y,Sedan,White,MONTHLY,"2,460",,,NEW,Compact
RX8,Jeddah,Dammam - Al Itisalat,"2,022",STD,SUV,Grey,MONTHLY,"5,350",,,NEW,SUV
GT,Jeddah,Dammam - Al Itisalat,"2,022",STD,Sedan,Yellow,STS,829,,,NEW,Sedan
Pegas,Jeddah,Jeddah - Ar Rawdah,"2,024",LX,Sedan,Grey,MONTHLY,"1,820",,,NEW,Compact
ZS,Jeddah,Jeddah - Al Baghdadiyah,"2,022",STD,Crossover,Blue,STS,"1,319",,,NEW,Crossover
ZS,Jeddah,Jeddah - Al Baghdadiyah,"2,022",STD,Crossover,Red,MONTHLY,"2,780",,,NEW,Crossover
ZS,Jeddah,Jeddah - Al Baghdadiyah,"2,022",STD,Crossover,Red,STS,"1,319",,,NEW,Crossover
Sunny,Riyadh,Riyadh - Al Falah,"2,023",S,Sedan,White,MONTHLY,"2,250",,,NEW,Compact
Pegas,Madinah,Madinah - Airport,"2,026",LX,Sedan,Silver,MONTHLY,"1,930",,,NEW,Compact
Pegas,Madinah,Madinah - Al Areed,"2,026",LX,Sedan,Silver,MONTHLY,"1,930",,,NEW,Compact
i10,Jeddah,Jeddah - Al-Baghdadiyah Al-Gharbiyah,"2,025",STD,Sedan,White,MONTHLY,"2,105",,,NEW,Compact
Pegas,Jeddah,Jeddah - Al-Baghdadiyah Al-Gharbiyah,"2,026",LX,Sedan,White,MONTHLY,"2,460",,,NEW,Compact
Pegas,Jeddah,Jeddah - Al-Baghdadiyah Al-Gharbiyah,"2,026",LX,Sedan,White,MONTHLY,"2,460",,,NEW,Compact
Yaris,Dammam,Dammam - Al Rawdah,"2,026",STD,Sedan,White,MONTHLY,"2,460",,,NEW,Compact
Accent,Riyadh,Riyadh - Al Aqiq,"2,026",Fleet,Sedan,White,MONTHLY,"2,634",,,NEW,Compact
Accent,Riyadh,Riyadh - Al Aqiq,"2,026",Fleet,Sedan,White,MONTHLY,"2,634",,,NEW,Compact
Accent,Riyadh,Riyadh - Al Aqiq,"2,024",STD,Sedan,White,MONTHLY,"2,510",,,NEW,Compact
Creta,Riyadh,Riyadh - Al Aqiq,"2,025",STD,SUV,Grey,MONTHLY,"3,847",,,NEW,Crossover
Pegas,Jeddah,Jeddah - Al Fayha,"2,026",LX,Sedan,Grey,STS,680,,,NEW,Compact
Pegas,Madinah,Madinah - Al Areed,"2,026",LX,Sedan,Grey,STS,680,,,NEW,Compact
Grand i10,Jeddah,Jeddah Airport - Terminal 1,"2,025",GLS,Sedan,Grey,STS,640,,,NEW,Compact
Grand i10,Jeddah,Jeddah Airport - Terminal 1,"2,025",GLS,Sedan,Grey,STS,640,,,NEW,Compact
Dzire,Jeddah,Jeddah - Heraa,"2,025",GL,Sedan,Red,MONTHLY,"1,870",,,NEW,Sedan
Dzire,Riyadh,Riyadh - Al Wadi,"2,025",GL,Sedan,Red,MONTHLY,"1,870",,,NEW,Sedan
Dzire,Riyadh,Riyadh - Al Wadi,"2,025",GL,Sedan,Red,MONTHLY,"1,870",,,NEW,Sedan
Grand i10,Riyadh,Riyadh - Al Yarmuk,"2,025",GLS,Sedan,Grey,STS,640,,,NEW,Compact
Grand i10,Riyadh,Riyadh - Al Wadi,"2,025",GLS,Sedan,Grey,STS,640,,,NEW,Compact
Grand i10,Riyadh,Riyadh - Al Wadi,"2,025",GLS,Sedan,Grey,STS,640,,,NEW,Compact
Accent,Jeddah,Jeddah - Bani Malik,"2,024",Fleet,Sedan,White,STS,790,,,NEW,Compact
i10,Riyadh,Riyadh - Al Wadi,"2,024",MPI,Sedan,Grey,MONTHLY,"1,820",,,NEW,Compact
i10,Riyadh,Riyadh - Urubah,"2,024",MPI,Sedan,Blue,MONTHLY,"1,820",,,NEW,Compact
i10,Riyadh,Riyadh - Urubah,"2,024",MPI,Sedan,Blue,MONTHLY,"1,820",,,NEW,Compact
i10,Riyadh,Riyadh - Al Yarmuk,"2,024",MPI,Sedan,Silver,STS,600,,,NEW,Compact
Yaris,Jeddah,Jeddah Airport - Terminal 1,"2,024",Y,Sedan,Silver,STS,790,,,NEW,Compact
Yaris,Madinah,Madinah - Khalid Ibn Al Walid,"2,024",Y,Sedan,Silver,STS,790,,,NEW,Compact
Yaris,Riyadh,Riyadh - Al Aqiq,"2,023",Y,Sedan,Silver,STS,939,,,NEW,Compact
Dzire,Jeddah,Jeddah - Ar Rawdah,"2,023",GL,Sedan,Grey,MONTHLY,"1,670",,,NEW,Sedan
Emgrand,Riyadh,Riyadh - Sulimaniyah,"2,026",STD,Sedan,Blue,MONTHLY,"2,670",,,NEW,Sedan
Cerato,Riyadh,Riyadh - Al Aqiq,"2,021",LX,Sedan,White,MONTHLY,"2,530",,,NEW,Compact
Dzire,Riyadh,Riyadh - Al Aqiq,"2,023",GL,Sedan,Silver,MONTHLY,"1,830",,,NEW,Sedan
Yukon,Riyadh,Riyadh - Al Yarmuk,"2,025",STD,SUV,Black,STS,"5,620",,,NEW,SUV
Taurus,Riyadh,Riyadh - Al Yarmuk,"2,026",STD,Sedan,Black,STS,"3,140",,,NEW,Sedan
Elantra,Riyadh,Riyadh - Al Yarmuk,"2,025",Fleet,Sedan,White,MONTHLY,"3,120",,,NEW,Sedan
i10,Riyadh,Riyadh - Al Yarmuk,"2,025",MPI,Sedan,White,STS,719,,,NEW,Compact
Taurus,Riyadh,Riyadh - Al Aqiq,"2,025",STD,Sedan,Black,MONTHLY,"6,711",,,NEW,Sedan
Accent,Jeddah,Jeddah - Ar Rawdah,"2,026",STD,Sedan,White,STS,860,,,NEW,Compact
i10,Jeddah,Jeddah Sakr Qoraish,"2,026",STD,Sedan,White,STS,590,,,NEW,Compact
i10,Mecca,Makkah - Qadisyyah,"2,026",STD,Sedan,White,STS,590,,,NEW,Compact
Accent,Mecca,Makkah - Qadisyyah,"2,025",Fleet,Sedan,Grey,STS,810,,,NEW,Compact
Accent,Mecca,Makkah - Qadisyyah,"2,025",Fleet,Sedan,Silver,STS,810,,,NEW,Compact
Pegas,Riyadh,Noon - Dhahrat Laban,"2,026",H,Sedan,Silver,STS,740,,,NEW,Compact
Pegas,Riyadh,Riyadh - Al Masiaf,"2,026",H,Sedan,Silver,STS,740,,,NEW,Compact
Kona,Dammam,Dammam - Al Thawn,"2,024",Smartstream,Crossover,White,MONTHLY,"3,210",,,NEW,Crossover
Emgrand,Riyadh,Riyadh - Al Aqiq,"2,023",STD,Sedan,Grey,MONTHLY,"2,634",,,NEW,Sedan
Emgrand,Riyadh,Riyadh - Al Aqiq,"2,023",STD,Sedan,Grey,MONTHLY,"2,634",,,NEW,Sedan
Accent,Dammam,Dammam - Al Thawn,"2,023",Smart Plus,Sedan,White,MONTHLY,"2,030",,,NEW,Compact
Elantra,Madinah,Madinah - Khalid Ibn Al Walid,"2,023",Fleet,Sedan,Grey,MONTHLY,"2,620",,,NEW,Sedan
Urban Cruiser,Riyadh,Riyadh - Ghirnatah,"2,026",STD,Crossover,Silver,STS,"1,240",,,NEW,Crossover
Urban Cruiser,Riyadh,Olayah,"2,026",STD,Crossover,Silver,STS,"1,240",,,NEW,Crossover
Urban Cruiser,Riyadh,Qurtubah,"2,026",STD,Crossover,Silver,STS,"1,240",,,NEW,Crossover
Urban Cruiser,Riyadh,Al Rawdah,"2,026",STD,Crossover,Silver,STS,"1,240",,,NEW,Crossover
Raize,Jeddah,Jeddah - Bani Malik,"2,023",XLE,SUV,Silver,MONTHLY,"2,140",,,USED,Crossover
Urban Cruiser,Riyadh,Olayah,"2,026",STD,Crossover,Silver,MONTHLY,"3,740",,,NEW,Crossover
Venue,Jeddah,Jeddah - Al Fayha,"2,024",STD,Crossover,White,MONTHLY,"3,000",,,NEW,Crossover
Tahoe,Riyadh,Riyadh - Al Wadi,"2,025",STD,SUV,Black,STS,"6,000",,,NEW,SUV
Pegas,Jeddah,Jeddah Airport - Terminal 1,"2,026",LX,Sedan,Silver,MONTHLY,"1,930",,,NEW,Compact
Pegas,Jeddah,Jeddah Airport - Terminal 1,"2,026",LX,Sedan,Silver,MONTHLY,"1,930",,,NEW,Compact
Pegas,Jeddah,Jeddah - Al Fayha,"2,026",LX,Sedan,Beige,MONTHLY,"1,930",,,NEW,Compact
Staria,Riyadh,Riyadh - Qurtubah,"2,023",STD,Van,Black,STS,"2,100",,,NEW,Minivan
Accent,Dammam,Dammam - Al Itisalat,"2,023",Smart Plus,Sedan,Silver,MONTHLY,"2,419",,,NEW,Compact
Dzire,Riyadh,Riyadh - King Fahd,"2,023",GL,Sedan,Silver,MONTHLY,"2,459",,,NEW,Sedan
Pegas,Dammam,Dammam - Al Itisalat,"2,023",LX,Sedan,White,MONTHLY,"2,029",,,NEW,Compact
Accent,Dammam,Dammam - Al Itisalat,"2,023",Smart Plus,Sedan,Silver,MONTHLY,"2,419",,,NEW,Compact
Yaris,Riyadh,Riyadh - Urubah,"2,023",Y,,Silver,MONTHLY,"2,140",,,NEW,Compact
Alsvin,Dammam,Dammam - Al Itisalat,"2,024",STD,Sedan,White,STS,"1,009",,,NEW,Sedan
Pegas,Dammam,Dammam - Al Itisalat,"2,023",LX,Sedan,Silver,STS,969,,,NEW,Compact
Kicks,Dammam,Dammam - Al Itisalat,"2,024",S,SUV,Blue,MONTHLY,"3,079",,,NEW,Crossover
Alsvin,Al Khobar,Al Khobar -  Al-Thuqbah,"2,024",STD,Sedan,Silver,STS,"1,009",,,NEW,Sedan
Corolla,Al Khobar,Khobar -  King Abdullah Branch Road,"2,024",XLI,Sedan,White,STS,"1,249",,,NEW,Sedan
Pegas,Riyadh,Riyadh - Dhahrat Laban,"2,024",LX,Sedan,White,STS,859,,,NEW,Compact
Sunny,Riyadh,Riyadh - Dhahrat Laban,"2,022",Classic,Sedan,White,STS,819,,,NEW,Compact
Sunny,Dammam,Dammam - Al Itisalat,"2,024",SV,Sedan,Grey,MONTHLY,"2,399",,,NEW,Compact
Sunny,Dammam,Dammam - Al Itisalat,"2,024",S,Sedan,Silver,STS,"1,049",,,NEW,Compact
Dzire,Riyadh,Riyadh - An Nahdah,"2,023",GL,Sedan,Grey,STS,742,,,NEW,Sedan
Dzire,Riyadh,Riyadh - Qurtubah,"2,023",GL,Sedan,Grey,STS,639,,,NEW,Sedan
Dzire,Riyadh,Riyadh - Qurtubah,"2,023",GL,Sedan,Grey,STS,639,,,NEW,Sedan
Dzire,Riyadh,Riyadh - Qurtubah,"2,023",GL,Sedan,Grey,STS,639,,,NEW,Sedan
Dzire,Riyadh,Riyadh - Al Wurud,"2,023",GL,Sedan,Grey,STS,639,,,NEW,Sedan
Dzire,Riyadh,Riyadh - Al Wurud,"2,023",GL,Sedan,Grey,STS,639,,,NEW,Sedan
Pegas,Riyadh,Riyadh - An Nahdah,"2,023",LX,Sedan,Grey,STS,639,,,NEW,Compact
Dzire,Riyadh,Riyadh - An Nahdah,"2,023",GL,Sedan,Grey,STS,639,,,NEW,Sedan
Dzire,Riyadh,Riyadh - An Nahdah,"2,023",GL,Sedan,Grey,STS,639,,,NEW,Sedan
Dzire,Riyadh,Riyadh - An Nahdah,"2,023",GL,Sedan,Grey,STS,639,,,NEW,Sedan
Yaris,Jeddah,Jeddah - Bani Malik,"2,023",Y,Sedan,White,MONTHLY,"2,140",,,NEW,Compact
Yaris,Jeddah,Jeddah - Ar Rawdah,"2,023",Y,Sedan,White,MONTHLY,"2,439",,,NEW,Compact
Yaris,Jeddah,Jeddah - Ar Rawdah,"2,023",Y,Sedan,White,MONTHLY,"2,439",,,NEW,Compact
Yaris,Jeddah,Jeddah - Ar Rawdah,"2,023",Y,Sedan,White,MONTHLY,"2,439",,,NEW,Compact
Accent,Riyadh,Riyadh - Qurtubah,"2,025",STD,Sedan,Silver,STS,950,,,NEW,Compact
Pegas,Al Khobar,Al Khobar -  Al-Thuqbah,"2,023",LX,Sedan,White,MONTHLY,"2,029",,,NEW,Compact
K3,Dammam,Dammam - Al Itisalat,"2,025",STD,Sedan,Silver,MONTHLY,"3,089",,,NEW,Compact
Accent,Dammam,Dammam - Al Itisalat,"2,023",Smart Plus,Sedan,White,STS,"1,169",,,NEW,Compact
Alsvin,Al Khobar,Al Khobar -  Al-Thuqbah,"2,023",STD,Sedan,White,MONTHLY,"1,889",,,NEW,Sedan
Alsvin,Al Khobar,Al Khobar -  Al-Thuqbah,"2,023",STD,Sedan,White,MONTHLY,"1,839",,,NEW,Sedan
Alsvin,Dammam,Dammam - Al Itisalat,"2,023",STD,Sedan,Silver,MONTHLY,"1,889",,,NEW,Sedan
Alsvin,Dammam,Dammam - Al Itisalat,"2,023",STD,Sedan,White,STS,969,,,NEW,Sedan
Alsvin,Dammam,Dammam - Al Itisalat,"2,024",STD,Sedan,Black,STS,"1,009",,,NEW,Sedan
Sunny,Riyadh,Riyadh - Al Aqiq,"2,023",S,Sedan,White,MONTHLY,"2,500",,,NEW,Compact
Pegas,Riyadh,Riyadh - Al Yarmuk,"2,026",STD,Sedan,Grey,STS,600,,,NEW,Compact
Pegas,Riyadh,Riyadh - An Nahdah,"2,026",STD,Sedan,Grey,STS,600,,,NEW,Compact
Pegas,Jeddah,Jeddah - Al Fayhaa,"2,026",LX,Sedan,White,STS,,,,NEW,Compact
Yaris,Jeddah,Jeddah - Al Fayhaa,"2,026",Y,Sedan,White,STS,,,,NEW,Compact
S450,Riyadh,Riyadh - Rahmaniyyah,"2,026",STD,Sedan,Black,STS,"13,685",,,NEW,Luxury
E200,Riyadh,Riyadh - Rahmaniyyah,"2,026",STD,Sedan,Tiffany Blue,MONTHLY,"25,339",,,NEW,Sedan
E200,Riyadh,Riyadh - Rahmaniyyah,"2,026",STD,Sedan,White,MONTHLY,"25,279",,,NEW,Sedan
E200,Riyadh,Riyadh - Rahmaniyyah,"2,026",STD,Sedan,Silver,MONTHLY,"25,279",,,NEW,Sedan
520,Jeddah,Jeddah - Madina Al-Munawarah,"2,026",STD,Sedan,Tiffany Blue,MONTHLY,"23,849",,,NEW,Sedan
Veloz,Riyadh,Riyadh - Al Yarmuk,"2,023",STD,SUV,White,STS,"1,500",,,NEW,Crossover
Veloz,Riyadh,Riyadh - Al Yarmuk,"2,023",STD,SUV,White,STS,"1,500",,,NEW,Crossover
HS,Riyadh,Riyadh - Al Yarmuk,"2,023",STD,SUV,White,STS,"1,190",,,NEW,Crossover
HS,Riyadh,Riyadh - Al Yarmuk,"2,023",STD,SUV,White,STS,"1,190",,,NEW,Crossover
HS,Riyadh,Riyadh - Al Yarmuk,"2,023",STD,SUV,White,STS,"1,190",,,NEW,Crossover
HS,Riyadh,Riyadh - Al Yarmuk,"2,023",STD,SUV,White,STS,"1,190",,,NEW,Crossover
HS,Riyadh,Riyadh - Al Yarmuk,"2,023",STD,SUV,White,STS,"1,190",,,NEW,Crossover
HS,Riyadh,Riyadh - Al Yarmuk,"2,023",STD,SUV,White,STS,"1,190",,,NEW,Crossover
HS,Riyadh,Riyadh - An Nahdah,"2,023",STD,SUV,White,STS,"1,190",,,NEW,Crossover
HS,Riyadh,Riyadh - Al Falah,"2,023",STD,SUV,White,STS,"1,190",,,NEW,Crossover
HS,Riyadh,Riyadh - Al Falah,"2,023",STD,SUV,White,STS,"1,190",,,NEW,Crossover
HS,Riyadh,Riyadh - Al Falah,"2,023",STD,SUV,White,STS,"1,190",,,NEW,Crossover
Sunny,Riyadh,Riyadh - Al Yarmuk,"2,024",STD,Sedan,Silver,STS,600,,,NEW,Compact
Sunny,Riyadh,Riyadh - Al Yarmuk,"2,024",STD,Sedan,Silver,STS,600,,,NEW,Compact
Sunny,Riyadh,Riyadh - Al Yarmuk,"2,024",STD,Sedan,Silver,STS,600,,,NEW,Compact
Sunny,Riyadh,Riyadh - Al Yarmuk,"2,024",STD,Sedan,Silver,STS,600,,,NEW,Compact
Sunny,Riyadh,Riyadh - An Nahdah,"2,024",STD,Sedan,White,STS,600,,,NEW,Compact
Sunny,Riyadh,Riyadh - An Nahdah,"2,024",STD,Sedan,White,STS,600,,,NEW,Compact
Sunny,Riyadh,Riyadh - Al Falah,"2,024",STD,Sedan,White,STS,600,,,NEW,Compact
RX5,Riyadh,Riyadh - Al Yarmuk,"2,023",STD,SUV,White,MONTHLY,"3,469",,,NEW,Crossover
RX5,Riyadh,Riyadh - Al Yarmuk,"2,023",STD,SUV,White,MONTHLY,"3,469",,,NEW,Crossover
City,Riyadh,Riyadh - Al Yarmuk,"2,024",STD,Sedan,White,STS,750,,,NEW,Compact
City,Riyadh,Riyadh - An Nahdah,"2,024",STD,Sedan,White,STS,750,,,NEW,Compact
City,Riyadh,Riyadh - An Nahdah,"2,024",STD,Sedan,White,STS,750,,,NEW,Compact
City,Riyadh,Riyadh - Al Falah,"2,024",STD,Sedan,White,STS,750,,,NEW,Compact
City,Riyadh,Riyadh - Al Falah,"2,024",STD,Sedan,White,STS,750,,,NEW,Compact
GT,Riyadh,Riyadh - Al Yarmuk,"2,024",STD,Sedan,Graphite,MONTHLY,"3,079",,,NEW,Sedan
GT,Riyadh,Riyadh - An Nahdah,"2,024",STD,Sedan,Grey,MONTHLY,"3,079",,,NEW,Sedan
GT,Riyadh,Riyadh - Al Falah,"2,024",STD,Sedan,Grey,MONTHLY,"3,079",,,NEW,Sedan
GT,Riyadh,Riyadh - Al Falah,"2,024",STD,Sedan,Grey,MONTHLY,"3,079",,,NEW,Sedan
GT,Riyadh,Riyadh - Al Falah,"2,024",STD,Sedan,Grey,MONTHLY,"3,079",,,NEW,Sedan
GT,Riyadh,Riyadh - Al Falah,"2,024",STD,Sedan,Grey,MONTHLY,"3,079",,,NEW,Sedan
GT,Riyadh,Riyadh - Al Falah,"2,024",STD,Sedan,Grey,MONTHLY,"3,079",,,NEW,Sedan
Veloz,Riyadh,Riyadh - An Nahdah,"2,023",STD,SUV,White,STS,"1,500",,,NEW,Crossover
Veloz,Riyadh,Riyadh - An Nahdah,"2,023",STD,SUV,White,STS,"1,500",,,NEW,Crossover
Veloz,Riyadh,Riyadh - Al Falah,"2,023",STD,SUV,White,STS,"1,500",,,NEW,Crossover
Corolla,Riyadh,Riyadh - Al Yarmuk,"2,024",STD,Sedan,Black,STS,750,,,NEW,Sedan
Corolla,Riyadh,Riyadh - Al Yarmuk,"2,024",STD,Sedan,Black,STS,750,,,NEW,Sedan
HS,Riyadh,Riyadh - An Nahdah,"2,023",STD,SUV,White,STS,"1,190",,,NEW,Crossover
HS,Riyadh,Riyadh - An Nahdah,"2,023",STD,SUV,White,STS,"1,190",,,NEW,Crossover
HS,Riyadh,Riyadh - An Nahdah,"2,023",STD,SUV,White,STS,"1,190",,,NEW,Crossover
Veloz,Riyadh,Riyadh - Al Yarmuk,"2,023",STD,SUV,White,STS,"1,500",,,NEW,Crossover
RX5,Riyadh,Riyadh - An Nahdah,"2,023",STD,SUV,White,MONTHLY,"3,469",,,NEW,Crossover
RX5,Riyadh,Riyadh - Al Falah,"2,023",STD,SUV,White,MONTHLY,"3,469",,,NEW,Crossover
RX5,Riyadh,Riyadh - Al Falah,"2,023",STD,SUV,White,MONTHLY,"3,469",,,NEW,Crossover
Corolla,Riyadh,Riyadh - An Nahdah,"2,024",STD,Sedan,Black,STS,750,,,NEW,Sedan
Corolla,Riyadh,Riyadh - Al Falah,"2,024",STD,Sedan,Black,STS,750,,,NEW,Sedan
Pegas,Dammam,Dammam - Al Itisalat,"2,024",LX,Sedan,Silver,MONTHLY,"2,179",,,NEW,Compact
Pegas,Dammam,Dammam - Al Itisalat,"2,024",LX,Sedan,Silver,MONTHLY,"2,179",,,NEW,Compact
Accent,Dammam,Dammam - Al Itisalat,"2,023",Smart Plus,Sedan,Black,STS,"1,169",,,NEW,Compact
Accent,Al Khobar,Al Khobar -  Al-Thuqbah,"2,024",Smart,Sedan,Grey,STS,"1,279",,,NEW,Compact
K3,Dammam,Dammam - Al Itisalat,"2,025",STD,Sedan,Silver,MONTHLY,"3,089",,,NEW,Compact
K3,Dammam,Dammam - Al Itisalat,"2,025",STD,Sedan,Silver,MONTHLY,"3,089",,,NEW,Compact
Alsvin,Dammam,Dammam - Al Itisalat,"2,024",STD,Sedan,White,STS,"1,009",,,NEW,Sedan
Eado,Dammam,Dammam - Al Itisalat,"2,023",Plus,Sedan,Silver,MONTHLY,"2,279",,,NEW,Sedan
Macan,Jeddah,Jeddah - Madina Al-Munawarah,"2,026",Full,SUV,Black,STS,,,,NEW,Crossover
Macan,Riyadh,Riyadh - Rahmaniyyah,"2,026",Full,SUV,Grey,STS,,,,NEW,Crossover
Accent,Dammam,Dammam - Al Itisalat,"2,023",Smart Plus,Sedan,Silver,MONTHLY,"2,419",,,NEW,Compact
Accent,Al Khobar,Al Khobar -  Al-Thuqbah,"2,023",Smart Plus,Sedan,White,MONTHLY,"2,419",,,NEW,Compact
Accent,Dammam,Dammam - Al Itisalat,"2,023",Smart Plus,Sedan,Silver,STS,"1,169",,,NEW,Compact
Accent,Dammam,Dammam - Al Itisalat,"2,023",Smart Plus,Sedan,Silver,STS,"1,169",,,NEW,Compact
Accent,Dammam,Dammam - Al Itisalat,"2,024",Smart,Sedan,Grey,STS,"1,279",,,NEW,Compact
Accent,Dammam,Dammam - Al Itisalat,"2,024",Smart,Sedan,Silver,STS,"1,279",,,NEW,Compact
Accent,Al Khobar,Al Khobar -  Al-Thuqbah,"2,024",Smart,Sedan,Silver,STS,"1,279",,,NEW,Compact
Elantra,Dammam,Dammam - Al Itisalat,"2,022",Fleet,Sedan,Grey,MONTHLY,"2,449",,,NEW,Sedan
Alsvin,Dammam,Dammam - Al Itisalat,"2,024",STD,Sedan,Black,MONTHLY,"2,059",,,NEW,Sedan
Alsvin,Dammam,Dammam - Al Itisalat,"2,024",STD,Sedan,White,STS,"1,009",,,NEW,Sedan
Alsvin,Al Khobar,Al Khobar -  Al-Thuqbah,"2,023",STD,Sedan,Silver,MONTHLY,"1,879",,,NEW,Sedan
Pegas,Dammam,Dammam - Al Itisalat,"2,024",LX,Sedan,Beige,MONTHLY,"2,219",,,NEW,Compact
Pegas,Dammam,Dammam - Al Itisalat,"2,024",LX,Sedan,Beige,MONTHLY,"2,219",,,NEW,Compact
Pegas,Dammam,Dammam - Al Itisalat,"2,024",LX,Sedan,Grey,MONTHLY,"2,179",,,NEW,Compact
Pegas,Dammam,Dammam - Al Itisalat,"2,023",LX,Sedan,Silver,STS,969,,,NEW,Compact
Pegas,Al Khobar,Al Khobar -  Al-Thuqbah,"2,023",LX,Sedan,Grey,STS,969,,,NEW,Compact
500,Al Khobar,Al Khobar -  Al-Thuqbah,"2,024",STD,Hatchback,Black,MONTHLY,"4,389",,,NEW,Compact
500,Al Khobar,Al Khobar -  Al-Thuqbah,"2,024",STD,Hatchback,Brown,MONTHLY,"4,429",,,NEW,Compact
500,Al Khobar,Al Khobar -  Al-Thuqbah,"2,024",STD,Hatchback,Grey,MONTHLY,"4,389",,,NEW,Compact
500,Dammam,Dammam - Al Itisalat,"2,024",STD,Hatchback,Silver,MONTHLY,"4,389",,,NEW,Compact
500,Al Khobar,Al Khobar -  Al-Thuqbah,"2,024",STD,Hatchback,Silver,MONTHLY,"4,389",,,NEW,Compact
500,Al Khobar,Al Khobar -  Al-Thuqbah,"2,024",STD,Hatchback,Blue,MONTHLY,"4,389",,,NEW,Compact
Sunny,Dammam,Dammam - Al Itisalat,"2,023",S,Sedan,Black,STS,929,,,NEW,Compact
Sunny,Al Khobar,Al Khobar -  Al-Thuqbah,"2,023",S,Sedan,Black,STS,929,,,NEW,Compact
Sunny,Al Khobar,Al Khobar -  Al-Thuqbah,"2,023",S,Sedan,Black,STS,929,,,NEW,Compact
Sunny,Al Khobar,Al Khobar -  Al-Thuqbah,"2,023",S,Sedan,Black,STS,929,,,NEW,Compact
Sunny,Al Khobar,Al Khobar -  Al-Thuqbah,"2,023",S,Sedan,Black,STS,929,,,NEW,Compact
Sunny,Dammam,Dammam - Al Itisalat,"2,023",S,Sedan,Silver,STS,929,,,NEW,Compact
Sunny,Dammam,Dammam - Al Itisalat,"2,023",S,Sedan,Red,STS,929,,,NEW,Compact
Sunny,Dammam,Dammam - Al Itisalat,"2,024",S,Sedan,Silver,MONTHLY,"2,129",,,NEW,Compact
Sunny,Al Khobar,Al Khobar -  Al-Thuqbah,"2,024",S,Sedan,Silver,MONTHLY,"2,119",,,NEW,Compact
Sunny,Dammam,Dammam - Al Itisalat,"2,024",SV,Sedan,Grey,MONTHLY,"2,399",,,NEW,Compact
Sunny,Dammam,Dammam - Al Itisalat,"2,024",S,Sedan,Silver,STS,"1,049",,,NEW,Compact
Kicks,Dammam,Dammam - Al Itisalat,"2,024",S,SUV,Blue,STS,"1,939",,,NEW,Crossover
Kicks,Al Khobar,Al Khobar -  Al-Thuqbah,"2,024",S,SUV,Blue,STS,"1,939",,,NEW,Crossover
Yaris,Riyadh,Riyadh - Al Falah,"2,026",Y,Sedan,White,MONTHLY,"2,799",,,NEW,Compact
Pegas,Riyadh,Daily Riyadh - Al Aqiq,"2,022",LX,Sedan,White,STS,840,,,NEW,Compact
Sunny,Riyadh,Daily Riyadh - Al Aqiq,"2,022",Classic,Sedan,White,STS,700,,,NEW,Compact
Sunny,Riyadh,Daily Riyadh - Al Aqiq,"2,022",Classic,Sedan,White,STS,700,,,NEW,Compact
Tahoe,Riyadh,Riyadh - Qurtubah,"2,025",STD,SUV,Black,STS,"6,030",,,NEW,SUV
Tahoe,Riyadh,Riyadh - Alawali,"2,025",STD,SUV,Blue,STS,"6,030",,,NEW,SUV
Alsvin,Al Khobar,Al Khobar -  Al-Thuqbah,"2,023",STD,Sedan,Silver,STS,969,,,NEW,Sedan
Alsvin,Al Khobar,Al Khobar -  Al-Thuqbah,"2,023",STD,Sedan,Silver,STS,969,,,NEW,Sedan
Alsvin,Al Khobar,Al Khobar -  Al-Thuqbah,"2,023",STD,Sedan,Silver,STS,969,,,NEW,Sedan
Alsvin,Dammam,Dammam - Al Itisalat,"2,023",STD,Sedan,Silver,STS,969,,,NEW,Sedan
Alsvin,Dammam,Dammam - Al Itisalat,"2,023",STD,Sedan,White,STS,969,,,NEW,Sedan
Alsvin,Dammam,Dammam - Al Itisalat,"2,024",STD,Sedan,Silver,MONTHLY,"2,049",,,NEW,Sedan
Alsvin,Al Khobar,Al Khobar -  Al-Thuqbah,"2,024",STD,Sedan,Black,STS,"1,009",,,NEW,Sedan
Pegas,Dammam,Dammam - Al Itisalat,"2,024",LX,Sedan,Grey,STS,"1,009",,,NEW,Compact
Pegas,Al Khobar,Al Khobar -  Al-Thuqbah,"2,024",LX,Sedan,Grey,STS,"1,009",,,NEW,Compact
Pegas,Al Khobar,Al Khobar -  Al-Thuqbah,"2,024",LX,Sedan,Grey,STS,"1,009",,,NEW,Compact
Pegas,Dammam,Dammam - Al Itisalat,"2,024",LX,Sedan,Grey,MONTHLY,"2,149",,,NEW,Compact
Pegas,Dammam,Dammam - Al Itisalat,"2,024",LX,Sedan,Grey,STS,"1,009",,,NEW,Compact
Pegas,Al Khobar,Al Khobar -  Al-Thuqbah,"2,024",LX,Sedan,Grey,STS,"1,009",,,NEW,Compact
Pegas,Al Khobar,Al Khobar -  Al-Thuqbah,"2,024",LX,Sedan,Grey,STS,"1,009",,,NEW,Compact
Pegas,Dammam,Dammam - Al Itisalat,"2,023",LX,Sedan,Beige,MONTHLY,"2,019",,,NEW,Compact
Pegas,Al Khobar,Al Khobar -  Al-Thuqbah,"2,023",LX,Sedan,Beige,STS,969,,,NEW,Compact
Pegas,Al Khobar,Al Khobar -  Al-Thuqbah,"2,023",LX,Sedan,Beige,STS,969,,,NEW,Compact
Eado,Al Khobar,Al Khobar -  Al-Thuqbah,"2,023",Plus,Sedan,Silver,MONTHLY,"2,329",,,NEW,Sedan
520,Riyadh,Riyadh - As Sulimaniyah,"2,024",STD,Sedan,Black,MONTHLY,"16,719",,,NEW,Sedan
520,Riyadh,Riyadh - Qurtubah,"2,024",STD,Sedan,Black,MONTHLY,"16,719",,,NEW,Sedan
Elantra,Riyadh,Noon - Dhahrat Laban,"2,025",STD,Sedan,White,MONTHLY,"2,789",,,NEW,Sedan
Emgrand,Riyadh,Daily Riyadh - Al Aqiq,"2,026",STD,Sedan,Black,STS,,,,NEW,Sedan
Accent,Riyadh,Riyadh - Qurtubah,"2,025",STD,Sedan,Black,STS,950,,,NEW,Compact
Corolla,Riyadh,Riyadh -  Al Yarmuk,"2,022",XLI,Sedan,Silver,MONTHLY,"3,029",,,NEW,Sedan
Cerato,Jeddah,Jeddah - Ar Rawdah,"2,023",LX,Sedan,White,MONTHLY,"2,349",,,NEW,Compact
Accent,Jeddah,Jeddah - Al-Baghdadiyah Al-Gharbiyah,"2,025",Fleet,Sedan,Silver,MONTHLY,"2,876",,,NEW,Compact
Accent,Riyadh,Riyadh - Al Falah,"2,025",Fleet,Sedan,White,MONTHLY,"2,859",,,NEW,Compact
Tahoe,Dammam,Dammam - Al Rawdah,"2,025",STD,SUV,Black,MONTHLY,"14,400",,,NEW,SUV
Accent,Riyadh,Daily Riyadh - Al Aqiq,"2,026",Fleet,Sedan,Grey,MONTHLY,"2,569",,,NEW,Compact
Dzire,Riyadh,Riyadh - Al Aqiq,"2,024",GL,Sedan,White,MONTHLY,"1,959",,,NEW,Sedan
Yaris,Riyadh,Riyadh - As Sulimaniyah,"2,026",Y,Sedan,Silver,MONTHLY,"2,389",,,NEW,Compact
Accent,Riyadh,Riyadh - Al Khaleej,"2,026",Fleet,Sedan,White,MONTHLY,"2,499",,,NEW,Compact
Pegas,Riyadh,Riyadh - Al Masiaf,"2,026",H,Sedan,White,STS,740,,,NEW,Compact
Pegas,Riyadh,Riyadh - Al Falah,"2,026",LX,Sedan,Silver,MONTHLY,"2,389",,,NEW,Compact
Jolion,Mecca,Mecca - Al Nuzha,"2,025",Basic,Hatchback,Grey,MONTHLY,"3,929",,,NEW,Crossover
Yaris,Jeddah,Jeddah - Ar Rabwah,"2,026",Y,Sedan,White,MONTHLY,"2,329",,,NEW,Compact
Pegas,Riyadh,Riyadh - Al Muruj - Pickup,"2,025",LX,Sedan,Silver,STS,640,,,NEW,Compact
Sunny,Madinah,Madinah - Al Iskan,"2,024",S,Sedan,Silver,STS,"1,179",,,NEW,Compact
Pegas,Al Khobar,Khobar - Al Thawn,"2,023",LX,Sedan,White,MONTHLY,"2,149",,,NEW,Compact
Accent,Dammam,Dammam - Al Qadisyyah,"2,025",Fleet,Sedan,White,MONTHLY,"2,849",,,NEW,Compact
Sportage,Jeddah,Jeddah - Al-Baghdadiyah Al-Gharbiyah,"2,023",LX,SUV,White,STS,"1,499",,,NEW,Crossover
Sunny,Riyadh,Riyadh -  Al Yarmuk,"2,022",Classic,Sedan,White,STS,799,,,NEW,Compact
5,Riyadh,Riyadh - An Nasim Al Gharbi - Pickup,"2,025",STD,Sedan,White,STO,"1,975","2,300",,NEW,Compact
Elantra,Dammam,Dammam - Al Rawdah,"2,024",Fleet,Sedan,Grey,STS,980,,,NEW,Sedan
Staria,Dammam,Dammam - Al Rawdah,"2,023",STD,Minivan,Black,STS,"2,080",,,NEW,Minivan
Elantra,Riyadh,Riyadh - Al Quds,"2,025",Fleet,Sedan,Gray,MONTHLY,"3,459",,,NEW,Sedan
Elantra,Riyadh,Riyadh - Al Quds,"2,024",Fleet,Sedan,White,MONTHLY,"3,089",,,NEW,Sedan
Elantra,Dammam,Dammam - Al Rawda,"2,024",Fleet,Sedan,White,MONTHLY,"3,049",,,NEW,Sedan
Eado,Dammam,Dammam - Al Rawda,"2,025",Plus,Sedan,Gray,MONTHLY,"2,969",,,NEW,Sedan
Yaris,Riyadh,Riyadh - King Fahd Rd,"2,024",Y,Sedan,Grey,MONTHLY,"2,329",,,NEW,Compact
Yaris,Dammam,Dammam - Al Rawda,"2,024",Y,Sedan,White,MONTHLY,"2,339",,,NEW,Compact
Elantra,Riyadh,Riyadh - Al Quds,"2,025",Fleet,Sedan,Silver,MONTHLY,"3,499",,,NEW,Sedan
Yaris,Jeddah,Jeddah - Salamah,"2,024",Y,Sedan,Grey,MONTHLY,"2,309",,,NEW,Compact
Accent,Dammam,Dammam - Al Rawda,"2,024",Smart,Sedan,Grey,MONTHLY,"2,399",,,NEW,Compact
Yaris,Dammam,Dammam - Al Rawda,"2,024",Y,Sedan,White,MONTHLY,"2,329",,,NEW,Compact
Alsvin,Riyadh,Riyadh - Al Quds,"2,024",STD,Sedan,White,MONTHLY,"1,739",,,NEW,Sedan
Alsvin,Dammam,Dammam - Al Rawda,"2,025",STD,Sedan,Silver,MONTHLY,"1,829",,,NEW,Sedan
Yaris,Riyadh,Riyadh - Al Quds,"2,024",Y,Sedan,White,MONTHLY,"2,339",,,NEW,Compact
Accent,Dammam,Dammam - Al Rawda,"2,025",Fleet,Sedan,White,MONTHLY,"2,449",,,NEW,Compact
Elantra,Dammam,Dammam - Al Rawda,"2,025",Fleet,Sedan,White,MONTHLY,"3,499",,,NEW,Sedan
Yaris,Riyadh,Riyadh - Qurtubah,"2,024",Y,Sedan,White,MONTHLY,"2,339",,,NEW,Compact
Accent,Dammam,Dammam - Al Rawda,"2,024",Smart,Sedan,Grey,MONTHLY,"2,379",,,NEW,Compact
Yaris,Riyadh,Riyadh - Al Sahaba,"2,024",Y,Sedan,Silver,MONTHLY,"2,339",,,NEW,Compact
Eado,Dammam,Dammam - Al Rawda,"2,025",Plus,Sedan,Silver,MONTHLY,"2,969",,,NEW,Sedan
Yaris,Riyadh,Riyadh - Al Quds,"2,024",Y,Sedan,Grey,MONTHLY,"2,329",,,NEW,Compact
Accent,Riyadh,Riyadh - Al Quds,"2,024",Smart,Sedan,Grey,MONTHLY,"2,419",,,NEW,Compact
Eado,Riyadh,Riyadh - King Fahd Rd,"2,025",Plus,Sedan,Silver,MONTHLY,"2,959",,,NEW,Sedan
Elantra,Dammam,Dammam - Al Rawda,"2,024",Fleet,Sedan,White,MONTHLY,"3,089",,,NEW,Sedan
Alsvin,Riyadh,Riyadh - Al Quds,"2,024",STD,Sedan,Blue,MONTHLY,"1,739",,,NEW,Sedan
Accent,Dammam,Dammam - Al Rawda,"2,025",Fleet,Sedan,White,MONTHLY,"2,459",,,NEW,Compact
Dzire,Jeddah,Jeddah - Palestine,"2,024",GL,Sedan,Silver,MONTHLY,"2,039",,,NEW,Sedan
Dzire,Jeddah,Jeddah - Aziziyah,"2,024",GL,Sedan,Grey,MONTHLY,"2,039",,,NEW,Sedan
Dzire,Riyadh,Riyadh - King Fahd Rd,"2,024",GL,Sedan,Silver,MONTHLY,"2,039",,,NEW,Sedan
Accent,Jeddah,Jeddah - Al-Madinah Al-Munawarah,"2,025",Fleet,Sedan,Black,MONTHLY,"2,459",,,NEW,Compact
Tahoe,Riyadh,Riyadh - Al Masiaf,"2,023",STD,SUV,Black,STS,"3,030",,,NEW,SUV
Yaris,Riyadh,Riyadh -  Al Yarmuk,"2,026",Y,Sedan,White,MONTHLY,"2,799",,,NEW,Compact
Tucson,Riyadh,Riyadh - Al Masiaf 2,"2,023",STD,SUV,Grey,MONTHLY,"4,199",,,NEW,Crossover
Hilux,Riyadh,Riyadh - Al Masiaf,"2,025",STD,Pickup,White,STS,"3,000",,,NEW,Pickup
Sunny,Riyadh,Riyadh - Sulimaniyah,"2,024",S,Sedan,Silver,STS,"1,179",,,NEW,Compact
Sunny,Jeddah,Jeddah - Palestine,"2,024",S,Sedan,Silver,STS,"1,179",,,NEW,Compact
Sunny,Jeddah,Jeddah - Palestine,"2,024",S,Sedan,Silver,STS,"1,179",,,NEW,Compact
Sunny,Jeddah,Jeddah - Palestine,"2,024",S,Sedan,Silver,STS,"1,179",,,NEW,Compact
Sunny,Jeddah,Jeddah - Palestine,"2,024",S,Sedan,Silver,STS,"1,179",,,NEW,Compact
Yaris,Riyadh,Riyadh - Al Qirawan,"2,024",STD,Sedan,White,STS,790,,,NEW,Compact
Arrizo 5,Riyadh,Riyadh - Al Qirawan,"2,024",STD,Sedan,Grey,MONTHLY,"2,289",,,NEW,Sedan
Pegas,Riyadh,Noon - Dhahrat Laban,"2,024",STD,Sedan,Silver,STS,610,,,NEW,Compact
i10,Riyadh,Daily Riyadh - Al Aqiq,"2,026",MPI,Sedan,White,STS,700,,,NEW,Compact
i10,Riyadh,Riyadh - Al Aqiq,"2,026",MPI,Sedan,White,MONTHLY,"2,019",,,NEW,Compact
RAV4,Riyadh,Riyadh - Al Masiaf,"2,026",STD,SUV,Black,STS,"2,930",,,NEW,Crossover
Elantra,Riyadh,Riyadh - Al-Qirawan ( 1 ),"2,025",Fleet,Sedan,White,MONTHLY,"3,089",,,NEW,Sedan
Yaris,Al Khobar,Al Khobar - Al Thuqbah,"2,026",STD,Sedan,White,STS,810,,,NEW,Compact
Elantra,Dammam,Dammam - Al Jesr,"2,024",Fleet,Sedan,White,STS,980,,,NEW,Sedan
Territory,Al Khobar,Al Khobar - Al Thuqbah,"2,024",STD,CUV,White,STS,"2,330",,,NEW,Crossover
Grand i10,Jeddah,Jeddah  - North,"2,026",GLS,Sedan,Silver,MONTHLY,"2,099",,,NEW,Compact
Grand i10,Jeddah,Jeddah  - North,"2,026",GLS,Sedan,White,STS,,,,NEW,Compact
Grand i10,Jeddah,Jeddah  - Al Naseem,"2,026",GLS,Sedan,White,STS,,,,NEW,Compact
Grand i10,Jeddah,Jeddah  - Al Naseem,"2,026",GLS,Sedan,Silver,STS,,,,NEW,Compact
Grand i10,Jeddah,Jeddah  - North,"2,026",GLS,Sedan,Silver,STS,,,,NEW,Compact
Grand i10,Jeddah,Jeddah  - North,"2,026",GLS,Sedan,Silver,STS,,,,NEW,Compact
Grand i10,Jeddah,Jeddah  - North,"2,026",GLS,Sedan,Silver,STS,,,,NEW,Compact
Elantra,Riyadh,Riyadh - Anas BinMalik,"2,026",Fleet,Sedan,Silver,MONTHLY,"2,859",,,NEW,Sedan
Pegas,Riyadh,Riyadh - Anas BinMalik,"2,026",LX,Sedan,White,MONTHLY,"1,869",,,NEW,Compact
Accent,Riyadh,Riyadh - Anas BinMalik,"2,026",Fleet,Sedan,Black,MONTHLY,"2,539",,,NEW,Compact
Pegas,Riyadh,Riyadh - Anas BinMalik,"2,026",LX,Sedan,White,STS,680,,,NEW,Compact
Pegas,Riyadh,Riyadh - Anas BinMalik,"2,026",LX,Sedan,White,STS,680,,,NEW,Compact
Taurus,Riyadh,Riyadh - Anas BinMalik,"2,026",Ambiente NG,Sedan,Black,MONTHLY,"5,259",,,NEW,Sedan
Accent,Riyadh,Riyadh - Anas BinMalik,"2,026",Fleet,Sedan,Black,STS,720,,,NEW,Compact
Accent,Riyadh,Riyadh - Anas BinMalik,"2,026",Fleet,Sedan,Black,STS,720,,,NEW,Compact
Accent,Riyadh,Riyadh - Anas BinMalik,"2,026",Fleet,Sedan,Black,STS,720,,,NEW,Compact
Yaris,Jeddah,Jeddah - Al Fayha - Pickup,"2,026",Y,Sedan,White,STO,"2,300","2,500",,NEW,Compact
Yaris,Riyadh,Riyadh - Ar Rimal - Pickup,"2,026",Y,Sedan,White,STO,"2,300","2,500",,NEW,Compact
Yaris,Riyadh,Riyadh - Ar Rimal - Pickup,"2,026",Y,Sedan,Gray,STO,"2,300","2,500",,NEW,Compact
Yaris,Riyadh,Riyadh - Ar Rimal - Pickup,"2,026",Y,Sedan,White,STO,"2,300","2,500",,NEW,Compact
Yaris,Jeddah,Jeddah - Al Fayha - Pickup,"2,026",Y,Sedan,White,STO,"2,300","2,500",,NEW,Compact
Yaris,Jeddah,Jeddah - Al Fayha - Pickup,"2,026",Y,Sedan,Silver,STO,"2,300","2,500",,NEW,Compact
Yaris,Riyadh,Riyadh - Ar Rimal - Pickup,"2,026",Y,Sedan,Silver,STO,"2,300","2,500",,NEW,Compact
Yaris,Riyadh,Riyadh - Ar Rimal - Pickup,"2,026",Y,Sedan,White,STO,"2,300","2,500",,NEW,Compact
Yaris,Jeddah,Jeddah - Al Fayha - Pickup,"2,026",Y,Sedan,White,STO,"2,300","2,500",,NEW,Compact
Yaris,Jeddah,Jeddah - Al Fayha - Pickup,"2,026",Y,Sedan,White,STO,"2,300","2,500",,NEW,Compact
Yaris,Riyadh,Riyadh - Ar Rimal - Pickup,"2,026",Y,Sedan,White,STO,"2,300","2,500",,NEW,Compact
Yaris,Jeddah,Jeddah - Al Fayha - Pickup,"2,026",Y,Sedan,White,STO,"2,300","2,500",,NEW,Compact
Yaris,Riyadh,Riyadh - Ar Rimal - Pickup,"2,026",Y,Sedan,White,STO,"2,300","2,500",,NEW,Compact
Yaris,Riyadh,Riyadh - Ar Rimal - Pickup,"2,026",Y,Sedan,White,STO,"2,300","2,500",,NEW,Compact
Accent,Riyadh,Riyadh - Sulimaniyah,"2,024",Smart,Sedan,Brown,MONTHLY,"2,699",,,NEW,Compact
Accent,Riyadh,Riyadh - Dhahrat Laban - Pickup,"2,026",Fleet,Sedan,Gray,STO,"2,500","2,700",,NEW,Compact
Accent,Riyadh,Riyadh - Dhahrat Laban - Pickup,"2,026",Fleet,Sedan,Silver,STO,"2,500","2,700",,NEW,Compact
Accent,Riyadh,Riyadh - Dhahrat Laban - Pickup,"2,026",Fleet,Sedan,Gray,STO,"2,500","2,700",,NEW,Compact
Accent,Riyadh,Riyadh - Dhahrat Laban - Pickup,"2,026",Fleet,Sedan,Gray,STO,"2,500","2,700",,NEW,Compact
Accent,Riyadh,Riyadh - Dhahrat Laban - Pickup,"2,026",Fleet,Sedan,Gray,STO,"2,500","2,700",,NEW,Compact
Accent,Riyadh,Riyadh - As Sahabah,"2,026",Fleet,Sedan,White,MONTHLY,"2,569",,,NEW,Compact
Accent,Riyadh,Riyadh - As Sahabah,"2,026",Fleet,Sedan,White,MONTHLY,"2,569",,,NEW,Compact
Accent,Riyadh,Riyadh - As Sahabah,"2,026",Fleet,Sedan,White,MONTHLY,"2,569",,,NEW,Compact
Accent,Riyadh,Riyadh - As Sahabah,"2,026",Fleet,Sedan,White,MONTHLY,"2,569",,,NEW,Compact
Accent,Riyadh,Riyadh - As Sahabah,"2,026",Fleet,Sedan,White,MONTHLY,"2,569",,,NEW,Compact
Accent,Riyadh,Riyadh - As Sahabah,"2,026",Fleet,Sedan,Grey,MONTHLY,"2,549",,,NEW,Compact
Accent,Riyadh,Riyadh - As Sahabah,"2,026",Fleet,Sedan,Grey,MONTHLY,"2,549",,,NEW,Compact
Accent,Riyadh,Riyadh - As Sahabah,"2,026",Fleet,Sedan,Grey,MONTHLY,"2,549",,,NEW,Compact
Accent,Riyadh,Riyadh - As Sahabah,"2,026",Fleet,Sedan,Grey,STS,870,,,NEW,Compact
Accent,Riyadh,Riyadh - As Sahabah,"2,026",Fleet,Sedan,Grey,STS,870,,,NEW,Compact
Accent,Riyadh,Riyadh - As Sahabah,"2,026",Fleet,Sedan,Grey,STS,870,,,NEW,Compact
Accent,Riyadh,Riyadh - As Sahabah,"2,026",Fleet,Sedan,Grey,STS,870,,,NEW,Compact
Yaris,Riyadh,Riyadh - As Sahabah,"2,026",Y,Sedan,Grey,MONTHLY,"2,439",,,NEW,Compact
Yaris,Riyadh,Riyadh - As Sahabah,"2,026",Y,Sedan,Silver,MONTHLY,"2,439",,,NEW,Compact
Yaris,Riyadh,Riyadh - As Sahabah,"2,026",Y,Sedan,Silver,MONTHLY,"2,439",,,NEW,Compact
Yaris,Riyadh,Riyadh - As Sahabah,"2,026",Y,Sedan,White,MONTHLY,"2,439",,,NEW,Compact
Yaris,Riyadh,Riyadh - As Sahabah,"2,026",Y,Sedan,White,MONTHLY,"2,439",,,NEW,Compact
Yaris,Riyadh,Riyadh - As Sahabah,"2,026",Y,Sedan,White,MONTHLY,"2,439",,,NEW,Compact
Yaris,Riyadh,Riyadh - As Sahabah,"2,026",Y,Sedan,White,MONTHLY,"2,439",,,NEW,Compact
Yaris,Riyadh,Riyadh - As Sahabah,"2,026",Y,Sedan,Grey,STS,750,,,NEW,Compact
Yaris,Riyadh,Riyadh - As Sahabah,"2,026",Y,Sedan,Silver,STS,750,,,NEW,Compact
Yaris,Riyadh,Riyadh - As Sahabah,"2,026",Y,Sedan,Silver,STS,750,,,NEW,Compact
Yaris,Riyadh,Riyadh - As Sahabah,"2,026",Y,Sedan,White,STS,750,,,NEW,Compact
Yaris,Riyadh,Riyadh - As Sahabah,"2,026",Y,Sedan,White,STS,750,,,NEW,Compact
Yaris,Riyadh,Riyadh - As Sahabah,"2,026",Y,Sedan,White,STS,750,,,NEW,Compact
Yaris,Riyadh,Riyadh - As Sahabah,"2,026",Y,Sedan,White,STS,750,,,NEW,Compact
Pegas,Riyadh,Riyadh - As Sahabah,"2,026",LX,Sedan,Silver,MONTHLY,"1,899",,,NEW,Compact
Creta,Riyadh,Riyadh - Dhahrat Laban - Pickup,"2,026",Fleet,SUV,Silver,STO,"2,725","3,000",,NEW,Crossover
Creta,Riyadh,Riyadh - Dhahrat Laban - Pickup,"2,026",Fleet,SUV,White,STO,"2,725","3,000",,NEW,Crossover
Emgrand,Riyadh,Riyadh - Khorreiss Road - Pickup,"2,026",STD,Sedan,White,STO,"2,150","2,400",,NEW,Sedan
Emgrand,Riyadh,Riyadh - Khorreiss Road - Pickup,"2,026",STD,Sedan,White,STO,"2,150","2,400",,NEW,Sedan
Emgrand,Riyadh,Riyadh - Khorreiss Road - Pickup,"2,026",STD,Sedan,White,STO,"2,150","2,400",,NEW,Sedan
Grand i10,Riyadh,Riyadh - Al jazirah,"2,025",GLS,Sedan,White,MONTHLY,"1,929",,,NEW,Compact
Grand i10,Riyadh,Riyadh - Al jazirah,"2,025",GLS,Sedan,White,MONTHLY,"1,929",,,NEW,Compact
Grand i10,Riyadh,Riyadh - Al jazirah,"2,025",GLS,Sedan,White,MONTHLY,"1,929",,,NEW,Compact
Grand i10,Riyadh,Riyadh - Al jazirah,"2,025",GLS,Sedan,White,MONTHLY,"1,929",,,NEW,Compact
Grand i10,Riyadh,Riyadh - Al jazirah,"2,025",GLS,Sedan,White,MONTHLY,"1,929",,,NEW,Compact
Dzire,Riyadh,Riyadh - Al jazirah,"2,026",GL,Sedan,White,STS,770,,,NEW,Sedan
Dzire,Riyadh,Riyadh - Al jazirah,"2,026",GL,Sedan,White,STS,770,,,NEW,Sedan
Dzire,Riyadh,Riyadh - Al jazirah,"2,026",GL,Sedan,White,STS,770,,,NEW,Sedan
Pegas,Riyadh,Riyadh - Al Urubah,"2,026",LX,Sedan,White,MONTHLY,"1,869",,,NEW,Compact
Yaris,Riyadh,Ritadh - Al Areed,"2,026",Y,Sedan,White,MONTHLY,"2,389",,,NEW,Compact
Pegas,Arar,ARAR,"2,022",LX,Sedan,White,MONTHLY,"2,140",,,NEW,Compact
Sportage,Turayf,Rafhaa,"2,023",LX,SUV,White,MONTHLY,"5,699",,,NEW,Crossover
Yaris,Riyadh,Ritadh - Al Areed,"2,026",Y,Sedan,White,STS,830,,,NEW,Compact
Vigus,Riyadh,Riyadh - Sulimaniyah,"2,024",4x4,Pickup,White,MONTHLY,"4,719",,,NEW,Pickup
Grand i10,Riyadh,Riyadh - Al Yarmuk,"2,025",GLS,Sedan,White,MONTHLY,"1,889",,,NEW,Compact
Grand i10,Riyadh,Riyadh - Al Yarmuk,"2,025",GLS,Sedan,White,MONTHLY,"1,889",,,NEW,Compact
Accent,Jeddah,Jeddah - Ar Rabwah - Pickup,"2,026",Fleet,Sedan,Gray,STO,"2,350","1,400",,NEW,Compact
Accent,Jeddah,Jeddah - Ar Rabwah - Pickup,"2,026",Fleet,Sedan,Gray,STO,"2,350","1,400",,NEW,Compact
Accent,Riyadh,Riyadh - Al Quds - Pickup,"2,026",Fleet,Sedan,Gray,STO,"2,350","2,600",,NEW,Compact
Accent,Riyadh,Riyadh - Al Quds - Pickup,"2,026",Fleet,Sedan,Gray,STO,"2,350","1,400",,NEW,Compact
Accent,Riyadh,Riyadh - Al Quds - Pickup,"2,026",Fleet,Sedan,Gray,STO,"2,350","1,400",,NEW,Compact
Elantra,Jeddah,Jeddah - Ar Rabwah - Pickup,"2,026",Smart,Sedan,White,STO,"2,925","1,700",,NEW,Sedan
Elantra,Dammam,Dammam - Al Rawdah - Pickup,"2,026",Smart,Sedan,Gray,STO,"2,925","1,700",,NEW,Sedan
Elantra,Riyadh,Riyadh - Al Quds - Pickup,"2,026",Smart,Sedan,Gray,STO,"2,925","1,700",,NEW,Sedan
Cityray,Dammam,Dammam - Al Rawdah - Pickup,"2,026",GC,SUV,White,STO,"2,850","1,800",,NEW,SUV
Cityray,Jeddah,Jeddah - Ar Rabwah - Pickup,"2,026",GC,SUV,Silver,STO,"2,850","3,300",,NEW,SUV
Creta,Jeddah,Jeddah - Ar Rabwah - Pickup,"2,026",Smart,SUV,White,STO,"2,825","1,700",,NEW,Crossover
Creta,Jeddah,Jeddah - Ar Rabwah - Pickup,"2,026",Smart,SUV,Gray,STO,"2,825","1,700",,NEW,Crossover
Elantra,Jeddah,Jeddah - Ar Rabwah - Pickup,"2,026",Smart,Sedan,White,STO,"2,925","1,700",,NEW,Sedan
Elantra,Riyadh,Riyadh - Al Quds - Pickup,"2,026",Smart,Sedan,Silver,STO,"2,925","1,700",,NEW,Sedan
Elantra,Jeddah,Jeddah - Ar Rabwah - Pickup,"2,026",Smart,Sedan,Gray,STO,"2,925","3,200",,NEW,Sedan
Cityray,Jeddah,Jeddah - Ar Rabwah - Pickup,"2,026",GC,SUV,Gray,STO,"2,850","1,800",,NEW,SUV
Elantra,Jeddah,Jeddah - Ar Rabwah - Pickup,"2,026",Smart,Sedan,Gray,STO,"2,925","1,700",,NEW,Sedan
Creta,Jeddah,Jeddah - Ar Rabwah - Pickup,"2,026",Smart,SUV,Gray,STO,"2,825","1,700",,NEW,Crossover
Elantra,Jeddah,Jeddah - Ar Rabwah - Pickup,"2,026",Smart,Sedan,Gray,STO,"2,925","1,700",,NEW,Sedan
Creta,Dammam,Dammam - Al Rawdah - Pickup,"2,026",Smart,SUV,Gray,STO,"2,825","3,100",,NEW,Crossover
Elantra,Riyadh,Riyadh - Al Quds - Pickup,"2,026",Smart,Sedan,Silver,STO,"2,925","1,700",,NEW,Sedan
Creta,Jeddah,Jeddah - Ar Rabwah - Pickup,"2,026",Smart,SUV,Silver,STO,"2,825","3,100",,NEW,Crossover
Cityray,Jeddah,Jeddah - Ar Rabwah - Pickup,"2,026",GC,SUV,White,STO,"2,850","1,800",,NEW,SUV
Elantra,Dammam,Dammam - Al Rawdah - Pickup,"2,026",Smart,Sedan,Silver,STO,"2,925","1,700",,NEW,Sedan
Cityray,Jeddah,Jeddah - Ar Rabwah - Pickup,"2,026",GC,SUV,Silver,STO,"2,850","1,800",,NEW,SUV
Cityray,Jeddah,Jeddah - Ar Rabwah - Pickup,"2,026",GC,SUV,Gray,STO,"2,850","1,800",,NEW,SUV
Elantra,Jeddah,Jeddah - Ar Rabwah - Pickup,"2,026",Smart,Sedan,Silver,STO,"2,925","1,700",,NEW,Sedan
Elantra,Jeddah,Jeddah - Ar Rabwah - Pickup,"2,026",Smart,Sedan,Gray,STO,"2,925","1,700",,NEW,Sedan
Elantra,Jeddah,Jeddah - Ar Rabwah - Pickup,"2,026",Smart,Sedan,Gray,STO,"2,925","1,700",,NEW,Sedan
Creta,Dammam,Dammam - Al Rawdah - Pickup,"2,026",Smart,SUV,Silver,STO,"2,825","1,700",,NEW,Crossover
Elantra,Jeddah,Jeddah - Ar Rabwah - Pickup,"2,026",Smart,Sedan,White,STO,"2,925","1,700",,NEW,Sedan
Elantra,Riyadh,Riyadh - Al Quds - Pickup,"2,026",Smart,Sedan,Gray,STO,"2,925","1,700",,NEW,Sedan
Elantra,Riyadh,Riyadh - Al Quds - Pickup,"2,026",Smart,Sedan,Gray,STO,"2,925","1,700",,NEW,Sedan
Pegas,Riyadh,Riyadh - Makah Road,"2,026",LX,Sedan,Silver,MONTHLY,"1,879",,,NEW,Compact
Seltos,Riyadh,Riyadh - Al Aqiq,"2,024",LX,SUV,Blue,MONTHLY,"3,269",,,NEW,Crossover
Yaris,Riyadh,Riyadh - Al Rawdah,"2,024",Y,Sedan,White,MONTHLY,"2,569",,,NEW,Compact
Arrizo 5,Riyadh,Riyadh - Al Qirawan,"2,022",STD,Sedan,Red,MONTHLY,"2,439",,,NEW,Sedan
Jolion,Riyadh,Riyadh - As Sulimaniyah - Pickup,"2,026",Basic,Hatchback,Black,STO,"2,650","1,400",,NEW,Crossover
Jolion,Riyadh,Riyadh - As Sulimaniyah - Pickup,"2,026",Basic,Hatchback,White,STO,"2,650","1,400",,NEW,Crossover
Jolion,Riyadh,Riyadh - As Sulimaniyah - Pickup,"2,026",Basic,Hatchback,Black,STO,"2,650","1,400",,NEW,Crossover
Jolion,Riyadh,Riyadh - As Sulimaniyah - Pickup,"2,026",Basic,Hatchback,Black,STO,"2,650","1,400",,NEW,Crossover
Jolion,Riyadh,Riyadh - As Sulimaniyah - Pickup,"2,026",Basic,Hatchback,White,STO,"2,650","1,400",,NEW,Crossover
Jolion,Jeddah,Jeddah - Al Sanabel  - Pickup,"2,026",STD,Hatchback,Gray,STO,"2,650","1,400",,NEW,Crossover
Jolion,Riyadh,Riyadh - As Sulimaniyah - Pickup,"2,026",Basic,Hatchback,Gray,STO,"2,650","1,400",,NEW,Crossover
Jolion,Jeddah,Jeddah - Al Sanabel  - Pickup,"2,026",STD,Hatchback,White,STO,"2,650","1,400",,NEW,Crossover
Jolion,Jeddah,Jeddah - Al Sanabel  - Pickup,"2,026",STD,Hatchback,Black,STO,"2,650","1,400",,NEW,Crossover
Jolion,Jeddah,Jeddah - Al Sanabel  - Pickup,"2,026",STD,Hatchback,Black,STO,"2,650","1,400",,NEW,Crossover
Dzire,Riyadh,فرع القدس - Al-Quds  branch,"2,023",GL,Sedan,Brown,MONTHLY,"1,749",,,NEW,Sedan
Defender,Riyadh,Riyadh - Al Urubah,"2,025",STD,SUV,Black,MONTHLY,"32,719",,,NEW,SUV
Defender,Riyadh,Riyadh - Al Urubah,"2,025",STD,SUV,Black,STS,"9,100",,,NEW,SUV
Arrizo 6,Jeddah,Jeddah - Bani Malik,"2,023",Comfort,Sedan,Grey,MONTHLY,"2,179",,,NEW,Sedan
Grand Creta,Riyadh,Riyadh - Al Masiaf,"2,024",STD,SUV,Black,MONTHLY,"4,269",,,NEW,SUV
Arrizo 5,Jeddah,Dammam - Al Itisalat,"2,023",Comfort,Sedan,Grey,MONTHLY,"1,829",,,NEW,Sedan
Arrizo 5,Jeddah,Dammam - Al Itisalat,"2,023",Comfort,Sedan,Silver,MONTHLY,"1,829",,,NEW,Sedan
Arrizo 6,Jeddah,Jeddah - Bani Malik,"2,023",Comfort,Sedan,Red,MONTHLY,"2,179",,,NEW,Sedan
RX8,Riyadh,Riyadh - Al Aziziyah,"2,022",STD,SUV,Grey,MONTHLY,"5,289",,,NEW,SUV
ZS,Jeddah,Dammam - Al Itisalat,"2,022",STD,Crossover,Red,MONTHLY,"2,819",,,NEW,Crossover
5,Jeddah,Dammam - Al Itisalat,"2,023",STD,Sedan,Silver,MONTHLY,"1,939",,,NEW,Compact
Dzire,Jeddah,Jeddah - Bani Malik,"2,022",GL,Sedan,Silver,MONTHLY,"1,789",,,NEW,Sedan
Dzire,Jeddah,Jeddah - Al Nuzha,"2,022",GL,Sedan,Blue,MONTHLY,"1,789",,,NEW,Sedan
Mirage,Jeddah,Jeddah - Al Baghdadiyah,"2,022",STD,Hatchback,Silver,MONTHLY,"1,799",,,NEW,Compact
Pegas,Al Khobar,Al Khobar - Al Thuqbah,"2,026",H,Sedan,White,STS,740,,,NEW,Compact
Pegas,Al Khobar,Al Khobar - Al Thuqbah,"2,026",H,Sedan,White,STS,740,,,NEW,Compact
Hilux,Riyadh,Daily Sulimaniyah Riyadh,"2,023",STD,Pickup,White,STS,"2,259",,,USED,Pickup
Seltos,Riyadh,Riyadh - Sulimaniyah 2,"2,022",LX,SUV,White,MONTHLY,"2,729",,,NEW,Crossover
Accent,Riyadh,Riyadh - Ar Rimal,"2,025",Fleet,Sedan,Silver,STS,810,,,NEW,Compact
Urban Cruiser,Riyadh,Riyadh - Ar Rimal,"2,026",STD,Crossover,White,MONTHLY,"3,279",,,NEW,Crossover
Sonet,Riyadh,Riyadh - Al Urubah,"2,026",LX,SUV,Black,MONTHLY,"3,469",,,NEW,Crossover
Accent,Jeddah,Jeddah Sakr Qoraish,"2,025",Fleet,Sedan,Grey,MONTHLY,"2,459",,,NEW,Compact
Accent,Jeddah,Jeddah Sakr Qoraish,"2,025",Fleet,Sedan,Silver,STS,810,,,NEW,Compact
Cooper,Jeddah,Jeddah - Heraa,"2,022",STD,Hatchback,White,MONTHLY,"6,420",,,NEW,Compact
Veloz,Madinah,Madinah - Al Areed,"2,024",STD,SUV,White,MONTHLY,"4,490",,,NEW,Crossover
Sportage,Jeddah,Jeddah - Bani Malik,"2,023",LX,SUV,Silver,MONTHLY,"3,750",,,NEW,Crossover
Sportage,Jeddah,Jeddah - Bani Malik,"2,023",LX,SUV,Silver,STS,"1,669",,,NEW,Crossover
Attrage,Jeddah,Jeddah - Bani Malik,"2,022",AT,Sedan,White,MONTHLY,"1,790",,,NEW,Compact
Xpander,Jeddah,Dammam - Al Itisalat,"2,022",STD,SUV,Silver,STS,"1,239",,,NEW,Minivan
Dzire,Jeddah,Jeddah - Bani Malik,"2,022",GL,Sedan,Silver,MONTHLY,"1,820",,,NEW,Sedan
Sunny,Jeddah,Jeddah - Al Baghdadiyah,"2,022",Classic,Sedan,White,MONTHLY,"1,820",,,NEW,Compact
Sunny,Jeddah,Jeddah - Al Baghdadiyah,"2,022",Classic,Sedan,White,STS,569,,,NEW,Compact
Sunny,Jeddah,Jeddah - Al Nuzha,"2,022",Classic,Sedan,White,MONTHLY,"1,820",,,NEW,Compact
Yaris,Jeddah,Jeddah - Bani Malik,"2,026",Y,Sedan,White,MONTHLY,"2,460",,,NEW,Compact
5,Jeddah,Jeddah - Bani Malik,"2,023",STD,Sedan,White,STS,669,,,NEW,Compact
5,Jeddah,Jeddah - Al Baghdadiyah,"2,023",STD,Sedan,White,MONTHLY,"1,930",,,NEW,Compact
RX8,Jeddah,Jeddah - Al Nuzha,"2,022",STD,SUV,Grey,STS,"2,099",,,NEW,SUV
RX8,Jeddah,Dammam - Al Itisalat,"2,022",STD,SUV,White,MONTHLY,"5,350",,,NEW,SUV
RX8,Riyadh,Riyadh - Al Aziziyah,"2,022",STD,SUV,White,MONTHLY,"5,350",,,NEW,SUV
RX8,Riyadh,Riyadh - Al Aziziyah,"2,022",STD,SUV,Grey,MONTHLY,"5,350",,,NEW,SUV
GT,Jeddah,Jeddah - Al Baghdadiyah,"2,022",STD,Sedan,Yellow,STS,829,,,NEW,Sedan
GT,Jeddah,Jeddah - Al Baghdadiyah,"2,022",STD,Sedan,Yellow,MONTHLY,"2,300",,,NEW,Sedan
GT,Jeddah,Dammam - Al Itisalat,"2,022",STD,Sedan,Yellow,STS,829,,,NEW,Sedan
Pegas,Riyadh,Riyadh - ِAn Nahdah,"2,025",LX,Sedan,Silver,MONTHLY,"1,870",,,NEW,Compact
Pegas,Riyadh,Riyadh - Al Sahaba,"2,025",LX,Sedan,Silver,MONTHLY,"1,870",,,NEW,Compact
Pegas,Riyadh,Riyadh - ِAn Nahdah 2,"2,025",LX,Sedan,Silver,MONTHLY,"1,870",,,NEW,Compact
Elantra,Riyadh,Riyadh - Al Aqiq,"2,023",Fleet,Sedan,Grey,MONTHLY,"3,120",,,NEW,Sedan
i10,Madinah,Madinah - Khalid Ibn Al Walid,"2,024",MPI,Sedan,Silver,STS,600,,,NEW,Compact
Raize,Madinah,Madinah - Khalid Ibn Al Walid,"2,024",XLE,SUV,Grey,MONTHLY,"2,460",,,NEW,Crossover
Pegas,Jeddah,Jeddah - Al Fayha,"2,024",LX,Sedan,Silver,MONTHLY,"1,820",,,NEW,Compact
Sunny,Riyadh,Riyadh -  Al Yarmuk,"2,023",S,Sedan,White,MONTHLY,"2,250",,,NEW,Compact
Pegas,Riyadh,Riyadh - Al Falah,"2,023",LX,Sedan,White,MONTHLY,"2,250",,,NEW,Compact
i10,Jeddah,Jeddah - Al-Baghdadiyah Al-Gharbiyah,"2,026",MPI,Sedan,White,MONTHLY,"2,211",,,NEW,Compact
Yaris,Dammam,Dammam - Al Rawdah,"2,026",STD,Sedan,White,MONTHLY,"2,460",,,NEW,Compact
Accent,Riyadh,Riyadh - Al Aqiq,"2,024",STD,Sedan,White,MONTHLY,"2,510",,,NEW,Compact
Kona,Riyadh,Riyadh - Al Aqiq,"2,025",STD,Crossover,Beige,MONTHLY,"4,105",,,NEW,Crossover
Patrol,Riyadh,Riyadh - Al Aqiq,"2,025",STD,SUV,Black,MONTHLY,"22,850",,,NEW,SUV
Accent,Dammam,Dammam - Al Jesr,"2,024",STD,Sedan,White,MONTHLY,"2,270",,,NEW,Compact
Accent,Dammam,Dammam - Al Jesr,"2,024",STD,Sedan,White,MONTHLY,"2,270",,,NEW,Compact
Pegas,Jeddah,Jeddah - Bani Malik,"2,026",LX,Sedan,Silver,STS,680,,,NEW,Compact
Pegas,Jeddah,Jeddah - Al Fayha,"2,026",LX,Sedan,Grey,STS,680,,,NEW,Compact
Pegas,Madinah,Madinah - Airport,"2,026",LX,Sedan,Beige,STS,680,,,NEW,Compact
Pegas,Madinah,Madinah - Airport,"2,026",LX,Sedan,Beige,STS,680,,,NEW,Compact
Pegas,Madinah,Madinah - Al Areed,"2,026",LX,Sedan,Grey,STS,680,,,NEW,Compact
Pegas,Jeddah,Jeddah Airport - Terminal 1,"2,026",LX,Sedan,Grey,STS,680,,,NEW,Compact
Pegas,Jeddah,Jeddah Airport - Terminal 1,"2,026",LX,Sedan,Grey,STS,680,,,NEW,Compact
Dzire,Jeddah,Jeddah Airport - Terminal 1,"2,025",GL,Sedan,Blue,STS,640,,,NEW,Sedan
Dzire,Jeddah,Jeddah - Heraa,"2,025",GL,Sedan,Blue,STS,640,,,NEW,Sedan
Dzire,Jeddah,Jeddah - Al Fayha,"2,025",GL,Sedan,Blue,MONTHLY,"1,870",,,NEW,Sedan
i10,Riyadh,Riyadh - Al Wadi,"2,024",MPI,Sedan,Grey,MONTHLY,"1,820",,,NEW,Compact
Sunny,Riyadh,Riyadh - Al Wadi,"2,022",Classic,Sedan,White,STS,938,,,NEW,Compact
Yaris,Jeddah,Jeddah Airport - Terminal 1,"2,024",Y,Sedan,Silver,STS,790,,,NEW,Compact
Yaris,Jeddah,Jeddah Airport - Terminal 1,"2,024",Y,Sedan,Silver,STS,790,,,NEW,Compact
Fortuner,Riyadh,Riyadh - As Sahabah,"2,026",GX2,SUV,White,MONTHLY,"6,960",,,NEW,SUV
Emgrand,Riyadh,Riyadh - Sulimaniyah,"2,024",STD,Sedan,Grey,MONTHLY,"2,460",,,NEW,Sedan
Creta,Riyadh,Ritadh - Al Areed,"2,026",Smart,SUV,Black,STS,"1,130",,,NEW,Crossover
Dzire,Riyadh,Riyadh - Al Aqiq,"2,023",GL,Sedan,Silver,MONTHLY,"1,830",,,NEW,Sedan
Sonet,Riyadh,Riyadh - Al Yarmuk,"2,023",LX,SUV,White,MONTHLY,"2,730",,,NEW,Crossover
Accent,Riyadh,Riyadh - Al Munsiyah,"2,025",Fleet,Sedan,Silver,STS,810,,,NEW,Compact
Elantra,Riyadh,Riyadh - Qurtubah,"2,023",STD,Sedan,Grey,STS,880,,,NEW,Sedan
Pegas,Riyadh,Riyadh - Al Masiaf,"2,026",H,Sedan,White,STS,740,,,NEW,Compact
Pegas,Riyadh,Riyadh - Al Masiaf,"2,026",H,Sedan,White,STS,740,,,NEW,Compact
Pegas,Riyadh,Riyadh - Al Masiaf,"2,026",H,Sedan,White,STS,740,,,NEW,Compact
Pegas,Dammam,Dammam - Al Thawn,"2,026",LX,Sedan,Beige,STS,680,,,NEW,Compact
Accent,Jeddah,Jeddah - Bani Malik,"2,023",Smart Plus,Sedan,Silver,MONTHLY,"2,030",,,NEW,Compact
Accent,Jeddah,Jeddah - Bani Malik,"2,023",Smart Plus,Sedan,Silver,MONTHLY,"2,030",,,NEW,Compact
Coolray,Riyadh,Riyadh - Al Aqiq,"2,026",GS,Crossover,Grey,MONTHLY,"2,947",,,NEW,Crossover
Elantra,Riyadh,Riyadh - Al Aqiq,"2,025",STD,Sedan,Green,MONTHLY,"3,380",,,NEW,Sedan
Urban Cruiser,Riyadh,Riyadh - Al Qirawan,"2,026",STD,Crossover,Silver,MONTHLY,"3,740",,,NEW,Crossover
Urban Cruiser,Riyadh,Riyadh - Al Qirawan,"2,026",STD,Crossover,Silver,STS,"1,240",,,NEW,Crossover
Elantra,Madinah,Madinah - Khalid Ibn Al Walid,"2,023",Fleet,Sedan,Grey,MONTHLY,"2,620",,,NEW,Sedan
Urban Cruiser,Riyadh,Riyadh - Ar Rimal,"2,026",STD,Crossover,Silver,STS,"1,240",,,NEW,Crossover
Urban Cruiser,Riyadh,Riyadh - Ar Rimal,"2,026",STD,Crossover,Silver,MONTHLY,"3,740",,,NEW,Crossover
Urban Cruiser,Riyadh,Al Rawdah,"2,026",STD,Crossover,Silver,MONTHLY,"3,740",,,NEW,Crossover
Pegas,Jeddah,Jeddah Airport - Terminal 1,"2,026",LX,Sedan,Silver,MONTHLY,"1,930",,,NEW,Compact
Dzire,Riyadh,Riyadh - King Fahd,"2,023",GL,Sedan,Silver,MONTHLY,"2,459",,,NEW,Sedan
Dzire,Riyadh,Riyadh - King Fahd,"2,023",GL,Sedan,Silver,MONTHLY,"2,459",,,NEW,Sedan
Sunny,Jeddah,Jeddah - Bani Malik,"2,022",Classic,Sedan,White,MONTHLY,"2,349",,,NEW,Compact
5,Dammam,Dammam - Al Itisalat,"2,022",Mid Option,Sedan,Blue,STS,"1,089",,,NEW,Compact
Pegas,Dammam,Dammam - Al Itisalat,"2,023",LX,Sedan,Silver,STS,969,,,NEW,Compact
Yaris,Jeddah,Jeddah - Ar Rawdah,"2,023",Y,Sedan,Grey,MONTHLY,"2,479",,,NEW,Compact
Sunny,Riyadh,Riyadh - Al Aqiq,"2,023",Classic,Sedan,Brown,STS,639,,,NEW,Compact
Grand i10,Riyadh,Riyadh - An Nahdah,"2,025",GLS,Sedan,Grey,MONTHLY,"1,919",,,NEW,Compact
Accent,Riyadh,Riyadh - Al Yarmuk,"2,025",Fleet,Sedan,Grey,MONTHLY,"3,079",,,NEW,Compact
Elantra,Riyadh,Riyadh - Al Yarmuk,"2,025",Fleet,Sedan,Grey,MONTHLY,"3,489",,,NEW,Sedan
Alsvin,Al Khobar,Al Khobar -  Al-Thuqbah,"2,024",STD,Sedan,Silver,STS,"1,009",,,NEW,Sedan
Alsvin,Al Khobar,Al Khobar -  Al-Thuqbah,"2,024",STD,Sedan,Silver,STS,"1,009",,,NEW,Sedan
Pegas,Al Khobar,Khobar -  King Abdullah Branch Road,"2,025",LX,Sedan,Gold,STS,779,,,NEW,Compact
Pegas,Al Khobar,Khobar -  King Abdullah Branch Road,"2,025",LX,Sedan,Gold,STS,779,,,NEW,Compact
Corolla,Al Khobar,Khobar -  King Abdullah Branch Road,"2,024",XLI,Sedan,White,STS,"1,249",,,NEW,Sedan
Corolla,Al Khobar,Khobar -  King Abdullah Branch Road,"2,024",XLI,Sedan,White,STS,"1,249",,,NEW,Sedan
Sunny,Dammam,Dammam - Al Itisalat,"2,024",SV,Sedan,Grey,MONTHLY,"2,399",,,NEW,Compact
Sunny,Al Khobar,Al Khobar -  Al-Thuqbah,"2,024",SV,Sedan,Silver,MONTHLY,"2,349",,,NEW,Compact
Sunny,Dammam,Dammam - Al Itisalat,"2,024",S,Sedan,Silver,STS,"1,049",,,NEW,Compact
Kicks,Dammam,Dammam - Al Itisalat,"2,024",S,SUV,Grey,MONTHLY,"3,079",,,NEW,Crossover
Sunny,Al Khobar,Al Khobar -  Al-Thuqbah,"2,024",S,Sedan,Silver,STS,"1,049",,,NEW,Compact
Dzire,Riyadh,Riyadh - An Nahdah,"2,023",GL,Sedan,Grey,STS,742,,,NEW,Sedan
Dzire,Riyadh,Riyadh - Qurtubah,"2,023",GL,Sedan,Grey,STS,639,,,NEW,Sedan
Dzire,Riyadh,Riyadh - Al Wurud,"2,023",GL,Sedan,Grey,STS,639,,,NEW,Sedan
Dzire,Riyadh,Riyadh - Qurtubah,"2,023",GL,Sedan,Grey,STS,742,,,NEW,Sedan
Dzire,Riyadh,Riyadh - An Nahdah,"2,023",GL,Sedan,Grey,STS,639,,,NEW,Sedan
Dzire,Riyadh,Riyadh - An Nahdah,"2,023",GL,Sedan,Grey,STS,639,,,NEW,Sedan
Dzire,Riyadh,Riyadh - An Nahdah,"2,023",GL,Sedan,Grey,STS,639,,,NEW,Sedan
Dzire,Riyadh,Riyadh - An Nahdah,"2,023",GL,Sedan,Grey,STS,639,,,NEW,Sedan
K3,Al Khobar,Al Khobar -  Al-Thuqbah,"2,025",STD,Sedan,Silver,MONTHLY,"3,149",,,NEW,Compact
Yaris,Jeddah,Jeddah - Ar Rawdah,"2,023",Y,Sedan,White,MONTHLY,"2,439",,,NEW,Compact
S450,Riyadh,Riyadh - Alawali,"2,025",STD,Sedan,Black,MONTHLY,"36,679",,,NEW,Luxury
Yukon,Riyadh,Riyadh - Qurtubah,"2,023",STD,SUV,Black,STS,"3,880",,,NEW,SUV
Accent,Riyadh,Riyadh - Alawali,"2,025",STD,Sedan,Brown,STS,950,,,NEW,Compact
Yukon,Riyadh,Riyadh - Alawali,"2,023",STD,SUV,Black,STS,"3,880",,,NEW,SUV
Yaris,Riyadh,Riyadh - Al Aqiq,"2,023",Y,Sedan,Silver,MONTHLY,"2,630",,,NEW,Compact
Pegas,Al Khobar,Al Khobar -  Al-Thuqbah,"2,023",LX,Sedan,White,MONTHLY,"2,029",,,NEW,Compact
Kicks,Dammam,Dammam - Al Itisalat,"2,024",S,SUV,Blue,STS,"1,939",,,NEW,Crossover
Kicks,Dammam,Dammam - Al Itisalat,"2,024",S,SUV,Black,STS,"1,939",,,NEW,Crossover
Accent,Dammam,Dammam - Al Itisalat,"2,023",Smart Plus,Sedan,Silver,STS,"1,169",,,NEW,Compact
Accent,Dammam,Dammam - Al Itisalat,"2,023",Smart Plus,Sedan,Silver,STS,"1,169",,,NEW,Compact
Alsvin,Dammam,Dammam - Al Itisalat,"2,023",STD,Sedan,Silver,MONTHLY,"1,839",,,NEW,Sedan
Alsvin,Dammam,Dammam - Al Itisalat,"2,023",STD,Sedan,White,MONTHLY,"1,889",,,NEW,Sedan
Alsvin,Al Khobar,Al Khobar -  Al-Thuqbah,"2,023",STD,Sedan,Silver,MONTHLY,"1,839",,,NEW,Sedan
Alsvin,Dammam,Dammam - Al Itisalat,"2,024",STD,Sedan,White,STS,"1,009",,,NEW,Sedan
Kona,Riyadh,Riyadh - Al Aqiq,"2,021",Smartstream,Crossover,Green,MONTHLY,"3,230",,,NEW,Crossover
Pegas,Riyadh,Riyadh - Al Yarmuk,"2,026",STD,Sedan,Grey,STS,600,,,NEW,Compact
Pegas,Riyadh,Riyadh - Al Yarmuk,"2,026",STD,Sedan,Grey,STS,600,,,NEW,Compact
Pegas,Riyadh,Riyadh - Al Yarmuk,"2,026",STD,Sedan,Grey,STS,600,,,NEW,Compact
Pegas,Riyadh,Riyadh - An Nahdah,"2,026",STD,Sedan,Grey,STS,600,,,NEW,Compact
Pegas,Riyadh,Riyadh - An Nahdah,"2,026",STD,Sedan,Grey,STS,600,,,NEW,Compact
Pegas,Al Khobar,Al Khobar -  Al-Thuqbah,"2,023",LX,Sedan,Beige,STS,969,,,NEW,Compact
Pegas,Dammam,Riyadh - Tuwaiq,"2,026",STD,Sedan,White,STS,910,,,NEW,Compact
Yaris,Jeddah,Jeddah - Al Fayhaa,"2,026",Y,Sedan,White,STS,,,,NEW,Compact
Yaris,Jeddah,Jeddah - Al Fayhaa,"2,026",Y,Sedan,White,STS,,,,NEW,Compact
S450,Jeddah,Jeddah - Madina Al-Munawarah,"2,026",STD,Sedan,Black,STS,"13,685",,,NEW,Luxury
E200,Jeddah,Jeddah - Madina Al-Munawarah,"2,026",STD,Sedan,White,MONTHLY,"25,269",,,NEW,Sedan
Defender,Jeddah,Jeddah - Madina Al-Munawarah,"2,025",STD,SUV,Grey,STS,"10,143",,,NEW,SUV
Sportage,Riyadh,Riyadh -  Al Yarmuk,"2,023",LX,SUV,White,MONTHLY,"5,649",,,NEW,Crossover
Veloz,Riyadh,Riyadh - Al Yarmuk,"2,023",STD,SUV,White,STS,"1,500",,,NEW,Crossover
Veloz,Riyadh,Riyadh - Al Yarmuk,"2,023",STD,SUV,White,STS,"1,500",,,NEW,Crossover
HS,Riyadh,Riyadh - Al Yarmuk,"2,023",STD,SUV,White,STS,"1,190",,,NEW,Crossover
HS,Riyadh,Riyadh - An Nahdah,"2,023",STD,SUV,White,STS,"1,190",,,NEW,Crossover
HS,Riyadh,Riyadh - An Nahdah,"2,023",STD,SUV,White,STS,"1,190",,,NEW,Crossover
HS,Riyadh,Riyadh - Al Falah,"2,023",STD,SUV,White,STS,"1,190",,,NEW,Crossover
HS,Riyadh,Riyadh - Al Falah,"2,023",STD,SUV,White,STS,"1,190",,,NEW,Crossover
Sunny,Riyadh,Riyadh - Al Yarmuk,"2,024",STD,Sedan,Silver,STS,600,,,NEW,Compact
Sunny,Riyadh,Riyadh - Al Yarmuk,"2,024",STD,Sedan,Silver,STS,600,,,NEW,Compact
Sunny,Riyadh,Riyadh - Al Yarmuk,"2,024",STD,Sedan,Silver,STS,600,,,NEW,Compact
Sunny,Riyadh,Riyadh - An Nahdah,"2,024",STD,Sedan,White,STS,600,,,NEW,Compact
Sunny,Riyadh,Riyadh - An Nahdah,"2,024",STD,Sedan,White,STS,600,,,NEW,Compact
Sunny,Riyadh,Riyadh - Al Falah,"2,024",STD,Sedan,White,STS,600,,,NEW,Compact
RX5,Riyadh,Riyadh - Al Yarmuk,"2,023",STD,SUV,White,MONTHLY,"3,469",,,NEW,Crossover
RX5,Riyadh,Riyadh - Al Yarmuk,"2,023",STD,SUV,White,MONTHLY,"3,469",,,NEW,Crossover
GT,Riyadh,Riyadh - An Nahdah,"2,024",STD,Sedan,Grey,STS,750,,,NEW,Sedan
City,Riyadh,Riyadh - Al Yarmuk,"2,024",STD,Sedan,White,STS,750,,,NEW,Compact
City,Riyadh,Riyadh - Al Yarmuk,"2,024",STD,Sedan,White,STS,750,,,NEW,Compact
City,Riyadh,Riyadh - Al Yarmuk,"2,024",STD,Sedan,White,STS,750,,,NEW,Compact
City,Riyadh,Riyadh - An Nahdah,"2,024",STD,Sedan,White,STS,750,,,NEW,Compact
City,Riyadh,Riyadh - Al Falah,"2,024",STD,Sedan,White,STS,750,,,NEW,Compact
GT,Riyadh,Riyadh - Al Yarmuk,"2,024",STD,Sedan,Graphite,MONTHLY,"3,079",,,NEW,Sedan
GT,Riyadh,Riyadh - An Nahdah,"2,024",STD,Sedan,Grey,MONTHLY,"3,079",,,NEW,Sedan
GT,Riyadh,Riyadh - An Nahdah,"2,024",STD,Sedan,Grey,MONTHLY,"3,079",,,NEW,Sedan
GT,Riyadh,Riyadh - Al Falah,"2,024",STD,Sedan,Grey,MONTHLY,"3,079",,,NEW,Sedan
GT,Riyadh,Riyadh - Al Falah,"2,024",STD,Sedan,Grey,MONTHLY,"3,079",,,NEW,Sedan
Veloz,Riyadh,Riyadh - Al Falah,"2,023",STD,SUV,White,STS,"1,500",,,NEW,Crossover
Veloz,Riyadh,Riyadh - Al Falah,"2,023",STD,SUV,White,STS,"1,500",,,NEW,Crossover
RX5,Riyadh,Riyadh - An Nahdah,"2,023",STD,SUV,White,MONTHLY,"3,469",,,NEW,Crossover
Corolla,Riyadh,Riyadh - Al Falah,"2,024",STD,Sedan,Black,STS,750,,,NEW,Sedan
Eado,Dammam,Dammam - Al Itisalat,"2,023",Plus,Sedan,Silver,MONTHLY,"2,289",,,NEW,Sedan
Eado,Dammam,Dammam - Al Itisalat,"2,023",Plus,Sedan,Silver,MONTHLY,"2,289",,,NEW,Sedan
Pegas,Dammam,Dammam - Al Itisalat,"2,023",LX,Sedan,Silver,MONTHLY,"1,959",,,NEW,Compact
Alsvin,Dammam,Dammam - Al Itisalat,"2,023",STD,Sedan,White,MONTHLY,"1,889",,,NEW,Sedan
Alsvin,Dammam,Dammam - Al Itisalat,"2,024",STD,Sedan,White,STS,"1,009",,,NEW,Sedan
Accent,Riyadh,Riyadh -  Al Yarmuk,"2,025",Fleet,Sedan,White,MONTHLY,"2,869",,,NEW,Compact
Accent,Riyadh,Riyadh -  Al Yarmuk,"2,025",Fleet,Sedan,White,MONTHLY,"2,876",,,NEW,Compact
Macan,Jeddah,Jeddah - Madina Al-Munawarah,"2,026",Full,SUV,Grey,STS,,,,NEW,Crossover
Accent,Dammam,Dammam - Al Itisalat,"2,023",Smart Plus,Sedan,Silver,MONTHLY,"2,419",,,NEW,Compact
Accent,Al Khobar,Al Khobar -  Al-Thuqbah,"2,023",Smart Plus,Sedan,White,MONTHLY,"2,419",,,NEW,Compact
Accent,Dammam,Dammam - Al Itisalat,"2,023",Smart Plus,Sedan,Silver,MONTHLY,"2,419",,,NEW,Compact
Accent,Al Khobar,Al Khobar -  Al-Thuqbah,"2,023",Smart Plus,Sedan,White,MONTHLY,"2,419",,,NEW,Compact
Accent,Dammam,Dammam - Al Itisalat,"2,024",Smart,Sedan,Grey,STS,"1,279",,,NEW,Compact
Accent,Dammam,Dammam - Al Itisalat,"2,024",Smart,Sedan,Grey,STS,"1,279",,,NEW,Compact
Accent,Al Khobar,Al Khobar -  Al-Thuqbah,"2,024",Smart,Sedan,Grey,STS,"1,279",,,NEW,Compact
Elantra,Al Khobar,Al Khobar -  Al-Thuqbah,"2,022",Fleet,Sedan,Grey,MONTHLY,"2,449",,,NEW,Sedan
Alsvin,Dammam,Dammam - Al Itisalat,"2,024",STD,Sedan,Silver,MONTHLY,"2,059",,,NEW,Sedan
Alsvin,Dammam,Dammam - Al Itisalat,"2,024",STD,Sedan,Silver,MONTHLY,"2,059",,,NEW,Sedan
Alsvin,Al Khobar,Al Khobar -  Al-Thuqbah,"2,024",STD,Sedan,White,MONTHLY,"2,039",,,NEW,Sedan
Pegas,Al Khobar,Al Khobar -  Al-Thuqbah,"2,024",LX,Sedan,Beige,MONTHLY,"2,149",,,NEW,Compact
Pegas,Al Khobar,Al Khobar -  Al-Thuqbah,"2,024",LX,Sedan,Grey,MONTHLY,"2,219",,,NEW,Compact
Pegas,Jeddah,Jeddah - King Abdulaziz International Airport,"2,026",LX,Sedan,White,STS,,,,NEW,Compact
500,Dammam,Dammam - Al Itisalat,"2,024",STD,Hatchback,Brown,MONTHLY,"4,429",,,NEW,Compact
500,Dammam,Dammam - Al Itisalat,"2,024",STD,Hatchback,Grey,MONTHLY,"4,389",,,NEW,Compact
Sunny,Dammam,Dammam - Al Itisalat,"2,023",S,Sedan,Black,STS,929,,,NEW,Compact
Sunny,Dammam,Dammam - Al Itisalat,"2,023",S,Sedan,Black,STS,929,,,NEW,Compact
Sunny,Dammam,Dammam - Al Itisalat,"2,023",S,Sedan,Silver,STS,929,,,NEW,Compact
Sunny,Al Khobar,Al Khobar -  Al-Thuqbah,"2,023",S,Sedan,Silver,STS,929,,,NEW,Compact
Sunny,Dammam,Dammam - Al Itisalat,"2,023",S,Sedan,Red,STS,929,,,NEW,Compact
Sunny,Al Khobar,Al Khobar -  Al-Thuqbah,"2,023",S,Sedan,Silver,STS,929,,,NEW,Compact
Sunny,Al Khobar,Al Khobar -  Al-Thuqbah,"2,023",S,Sedan,Silver,STS,929,,,NEW,Compact
Sunny,Dammam,Dammam - Al Itisalat,"2,024",S,Sedan,Silver,MONTHLY,"2,129",,,NEW,Compact
Sunny,Al Khobar,Al Khobar -  Al-Thuqbah,"2,024",S,Sedan,Silver,MONTHLY,"2,119",,,NEW,Compact
Sunny,Dammam,Dammam - Al Itisalat,"2,024",S,Sedan,Silver,MONTHLY,"2,129",,,NEW,Compact
Sunny,Dammam,Dammam - Al Itisalat,"2,024",SV,Sedan,Silver,MONTHLY,"2,349",,,NEW,Compact
Sunny,Al Khobar,Al Khobar -  Al-Thuqbah,"2,024",SV,Sedan,Silver,MONTHLY,"2,349",,,NEW,Compact
Sunny,Al Khobar,Al Khobar -  Al-Thuqbah,"2,024",S,Sedan,Red,STS,"1,049",,,NEW,Compact
Kicks,Al Khobar,Al Khobar -  Al-Thuqbah,"2,024",S,SUV,Blue,MONTHLY,"3,079",,,NEW,Crossover
Kicks,Al Khobar,Al Khobar -  Al-Thuqbah,"2,024",S,SUV,Blue,MONTHLY,"3,079",,,NEW,Crossover
Pegas,Riyadh,Daily Riyadh - Al Aqiq,"2,024",LX,Sedan,Silver,STS,700,,,NEW,Compact
Pegas,Riyadh,Daily Riyadh - Al Aqiq,"2,024",LX,Sedan,Silver,STS,700,,,NEW,Compact
Pegas,Riyadh,Daily Riyadh - Al Aqiq,"2,024",LX,Sedan,Silver,STS,700,,,NEW,Compact
Pegas,Riyadh,Daily Riyadh - Al Aqiq,"2,022",LX,Sedan,White,STS,840,,,NEW,Compact
Pegas,Riyadh,Daily Riyadh - Al Aqiq,"2,022",LX,Sedan,White,STS,840,,,NEW,Compact
Pegas,Riyadh,Daily Riyadh - Al Aqiq,"2,022",LX,Sedan,White,STS,840,,,NEW,Compact
Sunny,Riyadh,Daily Riyadh - Al Aqiq,"2,022",Classic,Sedan,White,STS,700,,,NEW,Compact
Alsvin,Dammam,Dammam - Al Itisalat,"2,023",STD,Sedan,White,STS,969,,,NEW,Sedan
Alsvin,Dammam,Dammam - Al Itisalat,"2,023",STD,Sedan,White,STS,969,,,NEW,Sedan
Alsvin,Dammam,Dammam - Al Itisalat,"2,023",STD,Sedan,White,STS,969,,,NEW,Sedan
Alsvin,Dammam,Dammam - Al Itisalat,"2,024",STD,Sedan,Silver,STS,"1,009",,,NEW,Sedan
Alsvin,Al Khobar,Al Khobar -  Al-Thuqbah,"2,024",STD,Sedan,Silver,STS,"1,009",,,NEW,Sedan
Alsvin,Dammam,Dammam - Al Itisalat,"2,024",STD,Sedan,White,STS,"1,009",,,NEW,Sedan
Alsvin,Al Khobar,Al Khobar -  Al-Thuqbah,"2,024",STD,Sedan,White,STS,"1,009",,,NEW,Sedan
Pegas,Dammam,Dammam - Al Itisalat,"2,024",LX,Sedan,Grey,STS,"1,009",,,NEW,Compact
Pegas,Dammam,Dammam - Al Itisalat,"2,024",LX,Sedan,Grey,STS,"1,009",,,NEW,Compact
Pegas,Dammam,Dammam - Al Itisalat,"2,024",LX,Sedan,Grey,STS,"1,009",,,NEW,Compact
Pegas,Dammam,Dammam - Al Itisalat,"2,023",LX,Sedan,Beige,STS,969,,,NEW,Compact
Pegas,Al Khobar,Al Khobar -  Al-Thuqbah,"2,023",LX,Sedan,Beige,MONTHLY,"2,019",,,NEW,Compact
Pegas,Dammam,Dammam - Al Itisalat,"2,023",LX,Sedan,Beige,STS,969,,,NEW,Compact
Eado,Al Khobar,Al Khobar -  Al-Thuqbah,"2,023",Plus,Sedan,White,MONTHLY,"2,289",,,NEW,Sedan
Sunny,Jeddah,Jeddah - Al-Baghdadiyah Al-Gharbiyah,"2,023",S,Sedan,White,MONTHLY,"2,149",,,NEW,Compact
Sportage,Riyadh,Riyadh -  Al Yarmuk,"2,023",LX,SUV,White,MONTHLY,"5,769",,,NEW,Crossover
Yaris,Riyadh,Riyadh - Al Khaleej,"2,024",Y,Sedan,White,STS,989,,,NEW,Compact
520,Riyadh,Riyadh - Qurtubah,"2,024",STD,Sedan,Black,MONTHLY,"16,719",,,NEW,Sedan
Accent,Riyadh,Daily Riyadh - Al Aqiq,"2,026",Fleet,Sedan,White,STS,,,,NEW,Compact
Accent,Riyadh,Daily Riyadh - Al Aqiq,"2,026",Fleet,Sedan,White,STS,,,,NEW,Compact
Pegas,Riyadh,Riyadh -  Al Yarmuk,"2,026",LX,Sedan,White,MONTHLY,"2,460",,,NEW,Compact
Pegas,Riyadh,Riyadh -  Al Yarmuk,"2,026",LX,Sedan,White,MONTHLY,"2,309",,,NEW,Compact
Cerato,Dammam,Dammam - Al Qadisyyah,"2,023",LX,Sedan,White,STS,989,,,NEW,Compact
Yaris,Jeddah,Jeddah - Al Salama,"2,024",Y,Sedan,White,STS,790,,,NEW,Compact
Yaris,Jeddah,Jeddah - Al Salama,"2,024",Y,Sedan,White,STS,790,,,NEW,Compact
Accent,Riyadh,Daily Riyadh - Al Aqiq,"2,026",Fleet,Sedan,White,MONTHLY,"2,569",,,NEW,Compact
Accent,Riyadh,Riyadh - Makah Road,"2,026",Fleet,Sedan,White,MONTHLY,"2,499",,,NEW,Compact
Pegas,Riyadh,Riyadh - Al Falah,"2,026",LX,Sedan,Silver,MONTHLY,"2,359",,,NEW,Compact
i10,Riyadh,Riyadh -  Al Yarmuk,"2,026",MPI,Sedan,White,MONTHLY,"2,179",,,NEW,Compact
i10,Dammam,Dammam - Al Qadisyyah,"2,025",STD,Sedan,White,MONTHLY,"2,105",,,NEW,Compact
i10,Al Khobar,Khobar - Al Thawn,"2,025",STD,Sedan,White,MONTHLY,"2,039",,,NEW,Compact
Jolion,Mecca,Mecca - Al Nuzha,"2,025",Basic,Hatchback,White,STS,"1,579",,,NEW,Crossover
Yaris,Jeddah,Jeddah - Bani Malik,"2,026",Y,Sedan,White,MONTHLY,"2,329",,,NEW,Compact
Pegas,Madinah,Madinah - Al Iskan,"2,024",H,Sedan,White,STS,"1,079",,,NEW,Compact
Pegas,Riyadh,Riyadh - As Sulimaniyah,"2,026",H,Sedan,White,STS,740,,,NEW,Compact
Jolion,Mecca,Meeca - Kakia,"2,025",Basic,Hatchback,Grey,MONTHLY,"3,929",,,NEW,Crossover
Sunny,Mecca,Mecca - Al Nuzha,"2,024",S,Sedan,Silver,STS,"1,179",,,NEW,Compact
i10,Jeddah,Jeddah - Al-Baghdadiyah Al-Gharbiyah,"2,026",MPI,Sedan,White,MONTHLY,"2,179",,,NEW,Compact
Accent,Riyadh,Riyadh - Qurtubah,"2,024",STD,Sedan,White,MONTHLY,"2,270",,,NEW,Compact
Yaris,Riyadh,Riyadh - Al Yarmuk,"2,026",STD,Sedan,Grey,MONTHLY,"2,429",,,NEW,Compact
Corolla,Riyadh,Riyadh - Al Falah,"2,022",XLI,Sedan,White,MONTHLY,"3,029",,,NEW,Sedan
RAV4,Riyadh,Riyadh - Al Falah,"2,023",STD,SUV,White,MONTHLY,"5,839",,,NEW,Crossover
Yaris,Dammam,Dammam - Al Rawdah,"2,026",STD,Sedan,White,STS,810,,,NEW,Compact
i10,Riyadh,Riyadh - Al Falah,"2,026",MPI,Sedan,White,MONTHLY,"2,179",,,NEW,Compact
5,Riyadh,Riyadh - An Nasim Al Gharbi - Pickup,"2,025",STD,Sedan,Silver,STO,"1,975","2,300",,NEW,Compact
5,Riyadh,Riyadh - An Nasim Al Gharbi - Pickup,"2,025",STD,Sedan,White,STO,"1,975","2,300",,NEW,Compact
Staria,Dammam,Dammam - Al Rawdah,"2,023",STD,Minivan,Black,STS,"2,080",,,NEW,Minivan
Yaris,Dammam,Dammam - Al Rawdah,"2,026",STD,Sedan,White,STS,810,,,NEW,Compact
Yukon,Riyadh,Riyadh - Al Yarmuk,"2,025",STD,SUV,Black,MONTHLY,"14,049",,,NEW,SUV
Yaris,Dammam,Dammam - Al Rawda,"2,024",Y,Sedan,Silver,MONTHLY,"2,339",,,NEW,Compact
Elantra,Dammam,Dammam - Al Rawda,"2,025",Fleet,Sedan,White,MONTHLY,"3,499",,,NEW,Sedan
Elantra,Riyadh,Riyadh - Al Quds,"2,024",Fleet,Sedan,Grey,MONTHLY,"3,099",,,NEW,Sedan
Alsvin,Dammam,Dammam - Al Rawda,"2,025",STD,Sedan,Silver,MONTHLY,"1,769",,,NEW,Sedan
Yaris,Riyadh,Riyadh - Al Quds,"2,024",Y,Sedan,White,MONTHLY,"2,349",,,NEW,Compact
Yaris,Riyadh,Riyadh - Al Quds,"2,024",Y,Sedan,Grey,MONTHLY,"2,369",,,NEW,Compact
Elantra,Riyadh,Riyadh - Al Quds,"2,024",Fleet,Sedan,Grey,MONTHLY,"3,089",,,NEW,Sedan
Elantra,Riyadh,Riyadh - Qurtubah 2,"2,024",Fleet,Sedan,Grey,MONTHLY,"3,089",,,NEW,Sedan
Alsvin,Dammam,Dammam - Al Rawda,"2,024",STD,Sedan,White,MONTHLY,"1,739",,,NEW,Sedan
Elantra,Riyadh,Riyadh - King Fahd Rd,"2,024",Fleet,Sedan,White,MONTHLY,"3,089",,,NEW,Sedan
Yaris,Jeddah,Jeddah - Aziziyah,"2,024",Y,Sedan,White,MONTHLY,"2,309",,,NEW,Compact
Alsvin,Dammam,Dammam - Al Rawda,"2,025",STD,Sedan,White,MONTHLY,"1,779",,,NEW,Sedan
Alsvin,Riyadh,Riyadh - Al Quds,"2,025",STD,Sedan,Silver,MONTHLY,"1,799",,,NEW,Sedan
Accent,Dammam,Dammam - Al Rawda,"2,025",Fleet,Sedan,White,MONTHLY,"2,459",,,NEW,Compact
Elantra,Riyadh,Riyadh - Qurtubah 2,"2,024",Fleet,Sedan,Grey,MONTHLY,"3,089",,,NEW,Sedan
Elantra,Riyadh,Riyadh - King Fahd Rd,"2,025",Fleet,Sedan,Gray,MONTHLY,"3,529",,,NEW,Sedan
Dzire,Riyadh,Riyadh - Qurtubah,"2,024",GL,Sedan,White,MONTHLY,"2,039",,,NEW,Sedan
Elantra,Dammam,Dammam - Al Rawda,"2,025",Fleet,Sedan,White,MONTHLY,"3,489",,,NEW,Sedan
Dzire,Dammam,Dammam - Al Rawda,"2,024",GL,Sedan,White,MONTHLY,"2,039",,,NEW,Sedan
Elantra,Riyadh,Riyadh - Al Sahaba,"2,025",Fleet,Sedan,Gray,MONTHLY,"3,509",,,NEW,Sedan
Dzire,Dammam,Dammam - Al Rawda,"2,024",GL,Sedan,Grey,MONTHLY,"2,039",,,NEW,Sedan
Dzire,Riyadh,Riyadh - Qurtubah 2,"2,024",GL,Sedan,Silver,MONTHLY,"2,039",,,NEW,Sedan
Dzire,Dammam,Dammam - Al Rawda,"2,024",GL,Sedan,Silver,MONTHLY,"2,039",,,NEW,Sedan
Pegas,Turayf,Rafhaa,"2,026",LX,Sedan,White,MONTHLY,"2,389",,,NEW,Compact
i10,Turayf,Rafhaa,"2,025",STD,Sedan,White,MONTHLY,"2,105",,,NEW,Compact
Tahoe,Riyadh,Riyadh - Al Masiaf,"2,023",STD,SUV,Black,STS,"3,030",,,NEW,SUV
Accent,Al Khobar,Khobar - Al Thawn,"2,025",Fleet,Sedan,White,MONTHLY,"2,849",,,NEW,Compact
Elantra,Riyadh,Riyadh - Al Yarmuk,"2,023",STD,Sedan,Grey,MONTHLY,"2,669",,,NEW,Sedan
Corolla,Turayf,Rafhaa,"2,022",XLI,Sedan,White,MONTHLY,"2,999",,,NEW,Sedan
Sunny,Riyadh,Riyadh - Sulimaniyah,"2,024",S,Sedan,Silver,STS,"1,179",,,NEW,Compact
Sunny,Riyadh,Riyadh - Sulimaniyah,"2,024",S,Sedan,Silver,STS,"1,179",,,NEW,Compact
Jolion,Riyadh,Riyadh - Sulimaniyah,"2,025",Basic,Hatchback,Silver,STS,"1,579",,,NEW,Crossover
Sunny,Jeddah,Jeddah - Palestine,"2,024",S,Sedan,Silver,STS,"1,179",,,NEW,Compact
Sunny,Jeddah,Jeddah - Palestine,"2,024",S,Sedan,Silver,STS,"1,179",,,NEW,Compact
Sunny,Jeddah,Jeddah - Palestine,"2,024",S,Sedan,Silver,STS,"1,179",,,NEW,Compact
Sunny,Jeddah,Jeddah - Palestine,"2,024",S,Sedan,Silver,STS,"1,179",,,NEW,Compact
RX5,Riyadh,Riyadh - Al Qirawan,"2,022",STD,SUV,Silver,MONTHLY,"2,539",,,NEW,Crossover
RX5,Riyadh,Riyadh - Al Qirawan,"2,022",STD,SUV,Silver,STS,860,,,NEW,Crossover
Jolion,Jeddah,Jeddah - Palestine,"2,025",Basic,Hatchback,Silver,MONTHLY,"4,019",,,NEW,Crossover
Jolion,Jeddah,Jeddah - Palestine,"2,025",Basic,Hatchback,Silver,MONTHLY,"4,019",,,NEW,Crossover
Emgrand,Riyadh,Riyadh -  Al Yarmuk,"2,026",STD,Sedan,White,MONTHLY,"2,729",,,NEW,Sedan
Jolion,Jeddah,Jeddah - Palestine,"2,025",Basic,Hatchback,Silver,STS,"1,579",,,NEW,Crossover
Yaris,Arar,ARAR,"2,026",Y,Sedan,White,MONTHLY,"2,816",,,NEW,Compact
i10,Riyadh,Daily Riyadh - Al Aqiq,"2,026",MPI,Sedan,White,STS,700,,,NEW,Compact
i10,Riyadh,Riyadh - Al Aqiq,"2,026",MPI,Sedan,White,MONTHLY,"2,019",,,NEW,Compact
i10,Riyadh,Riyadh - Al Aqiq,"2,026",MPI,Sedan,White,MONTHLY,"2,019",,,NEW,Compact
Yaris,Al Khobar,Al Khobar - Al Thuqbah,"2,026",STD,Sedan,White,STS,810,,,NEW,Compact
Yaris,Al Khobar,Al Khobar - Al Thuqbah,"2,026",STD,Sedan,White,STS,810,,,NEW,Compact
Yaris,Al Khobar,Al Khobar - Al Thuqbah,"2,026",STD,Sedan,White,STS,810,,,NEW,Compact
Elantra,Dammam,Dammam - Al Jesr,"2,024",Fleet,Sedan,White,STS,980,,,NEW,Sedan
Grand i10,Jeddah,Jeddah  - North,"2,026",GLS,Sedan,White,STS,,,,NEW,Compact
Grand i10,Jeddah,Jeddah  - Al Naseem,"2,026",GLS,Sedan,White,STS,,,,NEW,Compact
Pegas,Riyadh,Riyadh - Anas BinMalik,"2,026",LX,Sedan,White,MONTHLY,"1,869",,,NEW,Compact
Accent,Riyadh,Riyadh - Anas BinMalik,"2,026",Fleet,Sedan,Black,MONTHLY,"2,539",,,NEW,Compact
Pegas,Riyadh,Riyadh - Anas BinMalik,"2,026",LX,Sedan,White,STS,680,,,NEW,Compact
Pegas,Riyadh,Riyadh - Anas BinMalik,"2,026",LX,Sedan,White,STS,680,,,NEW,Compact
Pegas,Riyadh,Riyadh - Anas BinMalik,"2,026",LX,Sedan,White,STS,680,,,NEW,Compact
Pegas,Riyadh,Riyadh - Anas BinMalik,"2,026",LX,Sedan,White,STS,680,,,NEW,Compact
Taurus,Riyadh,Riyadh - Anas BinMalik,"2,026",Ambiente NG,Sedan,Black,STS,"1,730",,,NEW,Sedan
Elantra,Riyadh,Riyadh - Anas BinMalik,"2,026",Fleet,Sedan,Silver,STS,900,,,NEW,Sedan
Pegas,Riyadh,Riyadh - Al jazirah,"2,026",LX,Sedan,White,MONTHLY,"1,839",,,NEW,Compact
Pegas,Riyadh,Riyadh - Al jazirah,"2,026",LX,Sedan,White,MONTHLY,"1,839",,,NEW,Compact
Yaris,Riyadh,Riyadh - Ar Rimal - Pickup,"2,026",Y,Sedan,Gray,STO,"2,300","2,500",,NEW,Compact
Yaris,Riyadh,Riyadh - Ar Rimal - Pickup,"2,026",Y,Sedan,White,STO,"2,300","2,500",,NEW,Compact
Yaris,Riyadh,Riyadh - Ar Rimal - Pickup,"2,026",Y,Sedan,Silver,STO,"2,300","2,500",,NEW,Compact
Yaris,Jeddah,Jeddah - Al Fayha - Pickup,"2,026",Y,Sedan,Silver,STO,"2,300","2,500",,NEW,Compact
Yaris,Riyadh,Riyadh - Ar Rimal - Pickup,"2,026",Y,Sedan,Silver,STO,"2,300","2,500",,NEW,Compact
Yaris,Jeddah,Jeddah - Al Fayha - Pickup,"2,026",Y,Sedan,White,STO,"2,300","2,500",,NEW,Compact
Yaris,Jeddah,Jeddah - Al Fayha - Pickup,"2,026",Y,Sedan,White,STO,"2,300","2,500",,NEW,Compact
Yaris,Jeddah,Jeddah - Al Fayha - Pickup,"2,026",Y,Sedan,Gray,STO,"2,300","2,500",,NEW,Compact
Yaris,Jeddah,Jeddah - Al Fayha - Pickup,"2,026",Y,Sedan,White,STO,"2,300","2,500",,NEW,Compact
Yaris,Jeddah,Jeddah - Al Fayha - Pickup,"2,026",Y,Sedan,Gray,STO,"2,300","2,500",,NEW,Compact
Yaris,Jeddah,Jeddah - Al Fayha - Pickup,"2,026",Y,Sedan,White,STO,"2,300","2,500",,NEW,Compact
Yaris,Riyadh,Riyadh - Ar Rimal - Pickup,"2,026",Y,Sedan,Silver,STO,"2,300","2,500",,NEW,Compact
Yaris,Riyadh,Riyadh - Ar Rimal - Pickup,"2,026",Y,Sedan,Silver,STO,"2,300","2,500",,NEW,Compact
Yaris,Riyadh,Riyadh - Ar Rimal - Pickup,"2,026",Y,Sedan,White,STO,"2,300","2,500",,NEW,Compact
Yaris,Jeddah,Jeddah - Al Fayha - Pickup,"2,026",Y,Sedan,Silver,STO,"2,300","2,500",,NEW,Compact
Yaris,Riyadh,Riyadh - Al Urubah,"2,026",Y,Sedan,White,MONTHLY,"2,389",,,NEW,Compact
Accent,Riyadh,Riyadh - As Sahabah,"2,026",Fleet,Sedan,White,MONTHLY,"2,569",,,NEW,Compact
Accent,Riyadh,Riyadh - As Sahabah,"2,026",Fleet,Sedan,White,MONTHLY,"2,569",,,NEW,Compact
Accent,Riyadh,Riyadh - As Sahabah,"2,026",Fleet,Sedan,White,MONTHLY,"2,569",,,NEW,Compact
Accent,Riyadh,Riyadh - As Sahabah,"2,026",Fleet,Sedan,White,MONTHLY,"2,569",,,NEW,Compact
Accent,Riyadh,Riyadh - As Sahabah,"2,026",Fleet,Sedan,Grey,MONTHLY,"2,549",,,NEW,Compact
Accent,Riyadh,Riyadh - As Sahabah,"2,026",Fleet,Sedan,Grey,MONTHLY,"2,549",,,NEW,Compact
Accent,Riyadh,Riyadh - As Sahabah,"2,026",Fleet,Sedan,Grey,MONTHLY,"2,549",,,NEW,Compact
Accent,Riyadh,Riyadh - As Sahabah,"2,026",Fleet,Sedan,Grey,MONTHLY,"2,549",,,NEW,Compact
Accent,Riyadh,Riyadh - As Sahabah,"2,026",Fleet,Sedan,Grey,MONTHLY,"2,549",,,NEW,Compact
Accent,Riyadh,Riyadh - As Sahabah,"2,026",Fleet,Sedan,Grey,MONTHLY,"2,549",,,NEW,Compact
Accent,Riyadh,Riyadh - As Sahabah,"2,026",Fleet,Sedan,Grey,MONTHLY,"2,549",,,NEW,Compact
Accent,Riyadh,Riyadh - As Sahabah,"2,026",Fleet,Sedan,White,STS,870,,,NEW,Compact
Accent,Riyadh,Riyadh - As Sahabah,"2,026",Fleet,Sedan,Grey,STS,870,,,NEW,Compact
Accent,Riyadh,Riyadh - As Sahabah,"2,026",Fleet,Sedan,Grey,STS,870,,,NEW,Compact
Yaris,Riyadh,Riyadh - As Sahabah,"2,026",Y,Sedan,Grey,MONTHLY,"2,439",,,NEW,Compact
Yaris,Riyadh,Riyadh - As Sahabah,"2,026",Y,Sedan,Silver,MONTHLY,"2,439",,,NEW,Compact
Yaris,Riyadh,Riyadh - As Sahabah,"2,026",Y,Sedan,White,MONTHLY,"2,439",,,NEW,Compact
Yaris,Riyadh,Riyadh - As Sahabah,"2,026",Y,Sedan,White,MONTHLY,"2,439",,,NEW,Compact
Yaris,Riyadh,Riyadh - As Sahabah,"2,026",Y,Sedan,White,MONTHLY,"2,439",,,NEW,Compact
Yaris,Riyadh,Riyadh - As Sahabah,"2,026",Y,Sedan,Grey,STS,750,,,NEW,Compact
Yaris,Riyadh,Riyadh - As Sahabah,"2,026",Y,Sedan,Silver,STS,750,,,NEW,Compact
Yaris,Riyadh,Riyadh - As Sahabah,"2,026",Y,Sedan,White,STS,750,,,NEW,Compact
Yaris,Riyadh,Riyadh - As Sahabah,"2,026",Y,Sedan,White,STS,750,,,NEW,Compact
Yaris,Riyadh,Riyadh - As Sahabah,"2,026",Y,Sedan,White,STS,750,,,NEW,Compact
Creta,Riyadh,Riyadh - Dhahrat Laban - Pickup,"2,026",Fleet,SUV,Gray,STO,"2,725","3,000",,NEW,Crossover
Creta,Riyadh,Riyadh - Dhahrat Laban - Pickup,"2,026",Fleet,SUV,White,STO,"2,725","3,000",,NEW,Crossover
Emgrand,Riyadh,Riyadh - Khorreiss Road - Pickup,"2,026",STD,Sedan,White,STO,"2,150","2,400",,NEW,Sedan
Grand i10,Riyadh,Riyadh - Al jazirah,"2,025",GLS,Sedan,White,MONTHLY,"1,929",,,NEW,Compact
Grand i10,Riyadh,Riyadh - Al jazirah,"2,025",GLS,Sedan,White,MONTHLY,"1,929",,,NEW,Compact
Dzire,Riyadh,Riyadh - Al jazirah,"2,026",GL,Sedan,White,STS,770,,,NEW,Sedan
Dzire,Riyadh,Riyadh - Al jazirah,"2,026",GL,Sedan,White,STS,770,,,NEW,Sedan
Dzire,Riyadh,Riyadh - Al jazirah,"2,026",GL,Sedan,White,STS,770,,,NEW,Sedan
Dzire,Riyadh,Riyadh - Al jazirah,"2,026",GL,Sedan,White,STS,770,,,NEW,Sedan
Dzire,Riyadh,Riyadh - Al jazirah,"2,026",GL,Sedan,White,STS,770,,,NEW,Sedan
Dzire,Riyadh,Riyadh - Al jazirah,"2,026",GL,Sedan,White,STS,770,,,NEW,Sedan
Dzire,Riyadh,Riyadh - Al jazirah,"2,026",GL,Sedan,White,STS,770,,,NEW,Sedan
Sonet,Riyadh,Riyadh - Al Urubah,"2,026",LX,SUV,Black,STS,"1,130",,,NEW,Crossover
Yaris,Riyadh,Ritadh - Al Areed,"2,026",Y,Sedan,White,MONTHLY,"2,389",,,NEW,Compact
i10,Riyadh,Riyadh - Al Khaleg,"2,025",MPI,Sedan,White,STS,640,,,NEW,Compact
Kona,Riyadh,Riyadh - Al Aqiq,"2,021",Smartstream,Crossover,Silver,STS,"1,169",,,NEW,Crossover
Vigus,Riyadh,Riyadh - Sulimaniyah,"2,024",STD,Pickup,White,MONTHLY,"4,719",,,NEW,Pickup
Dzire,Riyadh,Riyadh - Al Yarmuk,"2,024",GL,Sedan,White,MONTHLY,"1,789",,,NEW,Sedan
Accent,Riyadh,Riyadh - Al Quds - Pickup,"2,026",Fleet,Sedan,Gray,STO,"2,350","1,400",,NEW,Compact
Accent,Jeddah,Jeddah - Ar Rabwah - Pickup,"2,026",Fleet,Sedan,Gray,STO,"2,350","1,400",,NEW,Compact
Accent,Riyadh,Riyadh - Al Quds - Pickup,"2,026",Fleet,Sedan,Gray,STO,"2,350","2,600",,NEW,Compact
Accent,Riyadh,Riyadh - Al Quds - Pickup,"2,026",Fleet,Sedan,Gray,STO,"2,350","1,400",,NEW,Compact
Accent,Dammam,Dammam - Al Rawdah - Pickup,"2,026",Fleet,Sedan,Gray,STO,"2,350","1,400",,NEW,Compact
Accent,Riyadh,Riyadh - Al Quds - Pickup,"2,026",Fleet,Sedan,Gray,STO,"2,350","1,400",,NEW,Compact
Elantra,Jeddah,Jeddah - Ar Rabwah - Pickup,"2,026",Smart,Sedan,Gray,STO,"2,925","1,700",,NEW,Sedan
Elantra,Dammam,Dammam - Al Rawdah - Pickup,"2,026",Smart,Sedan,White,STO,"2,925","3,200",,NEW,Sedan
Elantra,Riyadh,Riyadh - Al Quds - Pickup,"2,026",Smart,Sedan,Gray,STO,"2,925","1,700",,NEW,Sedan
Elantra,Jeddah,Jeddah - Ar Rabwah - Pickup,"2,026",Smart,Sedan,Gray,STO,"2,925","1,700",,NEW,Sedan
Elantra,Jeddah,Jeddah - Ar Rabwah - Pickup,"2,026",Smart,Sedan,Gray,STO,"2,925","1,700",,NEW,Sedan
Elantra,Jeddah,Jeddah - Ar Rabwah - Pickup,"2,026",Smart,Sedan,Gray,STO,"2,925","1,700",,NEW,Sedan
Elantra,Riyadh,Riyadh - Al Quds - Pickup,"2,026",Smart,Sedan,Gray,STO,"2,925","1,700",,NEW,Sedan
Elantra,Dammam,Dammam - Al Rawdah - Pickup,"2,026",Smart,Sedan,Gray,STO,"2,925","1,700",,NEW,Sedan
Elantra,Dammam,Dammam - Al Rawdah - Pickup,"2,026",Smart,Sedan,White,STO,"2,925","1,700",,NEW,Sedan
Creta,Dammam,Dammam - Al Rawdah - Pickup,"2,026",Smart,SUV,Gray,STO,"2,825","1,700",,NEW,Crossover
Creta,Dammam,Dammam - Al Rawdah - Pickup,"2,026",Smart,SUV,Silver,STO,"2,825","3,100",,NEW,Crossover
Creta,Dammam,Dammam - Al Rawdah - Pickup,"2,026",Smart,SUV,Gray,STO,"2,825","1,700",,NEW,Crossover
Elantra,Jeddah,Jeddah - Ar Rabwah - Pickup,"2,026",Smart,Sedan,White,STO,"2,925","1,700",,NEW,Sedan
Elantra,Jeddah,Jeddah - Ar Rabwah - Pickup,"2,026",Smart,Sedan,Silver,STO,"2,925","1,700",,NEW,Sedan
Cityray,Jeddah,Jeddah - Ar Rabwah - Pickup,"2,026",GC,SUV,White,STO,"2,850","1,800",,NEW,SUV
Elantra,Jeddah,Jeddah - Ar Rabwah - Pickup,"2,026",Smart,Sedan,Gray,STO,"2,925","1,700",,NEW,Sedan
Elantra,Dammam,Dammam - Al Rawdah - Pickup,"2,026",Smart,Sedan,Silver,STO,"2,925","1,700",,NEW,Sedan
Elantra,Dammam,Dammam - Al Rawdah - Pickup,"2,026",Smart,Sedan,Silver,STO,"2,925","1,700",,NEW,Sedan
Creta,Dammam,Dammam - Al Rawdah - Pickup,"2,026",Smart,SUV,Gray,STO,"2,825","1,700",,NEW,Crossover
Cityray,Dammam,Dammam - Al Rawdah - Pickup,"2,026",GC,SUV,Gray,STO,"2,850","3,300",,NEW,SUV
Cityray,Dammam,Dammam - Al Rawdah - Pickup,"2,026",GC,SUV,Gray,STO,"2,850","3,300",,NEW,SUV
Creta,Jeddah,Jeddah - Ar Rabwah - Pickup,"2,026",Smart,SUV,Silver,STO,"2,825","1,700",,NEW,Crossover
Seltos,Riyadh,Riyadh - Al Aqiq,"2,024",LX,SUV,Grey,MONTHLY,"3,149",,,NEW,Crossover
Pegas,Jeddah,Jeddah - Al-Baghdadiyah Al-Gharbiyah,"2,023",LX,Sedan,White,MONTHLY,"2,169",,,NEW,Compact
Yaris,Al Khobar,Khobar - Al Thawn,"2,023",Y,Sedan,White,MONTHLY,"2,319",,,NEW,Compact
RX5,Riyadh,Riyadh - Al Aqiq,"2,022",STD,SUV,Black,STS,860,,,NEW,Crossover
500,Riyadh,Riyadh - Al Aqiq,"2,023",STD,Hatchback,Blue,MONTHLY,"4,759",,,NEW,Compact
Yaris,Jeddah,Jeddah - 70,"2,024",Y,Sedan,White,MONTHLY,"2,549",,,NEW,Compact
Yaris,Jeddah,Jeddah - Palastin,"2,024",Y,Sedan,White,MONTHLY,"2,549",,,NEW,Compact
Jolion,Jeddah,Jeddah - Al Sanabel  - Pickup,"2,026",STD,Hatchback,Black,STO,"2,650","1,400",,NEW,Crossover
Jolion,Riyadh,Riyadh - As Sulimaniyah - Pickup,"2,026",Basic,Hatchback,Black,STO,"2,650","1,400",,NEW,Crossover
Jolion,Riyadh,Riyadh - As Sulimaniyah - Pickup,"2,026",Basic,Hatchback,White,STO,"2,650","1,400",,NEW,Crossover
Jolion,Riyadh,Riyadh - As Sulimaniyah - Pickup,"2,026",Basic,Hatchback,Gray,STO,"2,650","1,400",,NEW,Crossover
Jolion,Riyadh,Riyadh - As Sulimaniyah - Pickup,"2,026",Basic,Hatchback,White,STO,"2,650","1,400",,NEW,Crossover
Jolion,Jeddah,Jeddah - Al Sanabel  - Pickup,"2,026",STD,Hatchback,Gray,STO,"2,650","1,400",,NEW,Crossover
Jolion,Jeddah,Jeddah - Al Sanabel  - Pickup,"2,026",STD,Hatchback,Gray,STO,"2,650","1,400",,NEW,Crossover
Jolion,Jeddah,Jeddah - Al Sanabel  - Pickup,"2,026",STD,Hatchback,Black,STO,"2,650","1,400",,NEW,Crossover
Jolion,Jeddah,Jeddah - Al Sanabel  - Pickup,"2,026",STD,Hatchback,White,STO,"2,650","1,400",,NEW,Crossover
Jolion,Riyadh,Riyadh - As Sulimaniyah - Pickup,"2,026",Basic,Hatchback,Gray,STO,"2,650","1,400",,NEW,Crossover
Jolion,Jeddah,Jeddah - Al Sanabel  - Pickup,"2,026",STD,Hatchback,Black,STO,"2,650","1,400",,NEW,Crossover
Jolion,Jeddah,Jeddah - Al Sanabel  - Pickup,"2,026",STD,Hatchback,Gray,STO,"2,650","1,400",,NEW,Crossover
Jolion,Jeddah,Jeddah - Al Sanabel  - Pickup,"2,026",STD,Hatchback,White,STO,"2,650","1,400",,NEW,Crossover
Jolion,Jeddah,Jeddah - Al Sanabel  - Pickup,"2,026",STD,Hatchback,Gray,STO,"2,650","1,400",,NEW,Crossover
Jolion,Jeddah,Jeddah - Al Sanabel  - Pickup,"2,026",STD,Hatchback,Gray,STO,"2,650","1,400",,NEW,Crossover
Jolion,Riyadh,Riyadh - As Sulimaniyah - Pickup,"2,026",Basic,Hatchback,Gray,STO,"2,650","1,400",,NEW,Crossover
Jolion,Jeddah,Jeddah - Al Sanabel  - Pickup,"2,026",STD,Hatchback,Gray,STO,"2,650","1,400",,NEW,Crossover
Jolion,Riyadh,Riyadh - As Sulimaniyah - Pickup,"2,026",Basic,Hatchback,White,STO,"2,650","1,400",,NEW,Crossover
Jolion,Riyadh,Riyadh - As Sulimaniyah - Pickup,"2,026",Basic,Hatchback,White,STO,"2,650","1,400",,NEW,Crossover
Jolion,Riyadh,Riyadh - As Sulimaniyah - Pickup,"2,026",Basic,Hatchback,Gray,STO,"2,650","1,400",,NEW,Crossover
Jolion,Riyadh,Riyadh - As Sulimaniyah - Pickup,"2,026",Basic,Hatchback,Gray,STO,"2,650","1,400",,NEW,Crossover
Jolion,Jeddah,Jeddah - Al Sanabel  - Pickup,"2,026",STD,Hatchback,Black,STO,"2,650","1,400",,NEW,Crossover
Jolion,Riyadh,Riyadh - As Sulimaniyah - Pickup,"2,026",Basic,Hatchback,Black,STO,"2,650","1,400",,NEW,Crossover
Kona,Riyadh,فرع القدس - Al-Quds  branch,"2,023",Comfort,Crossover,Grey,STS,900,,,NEW,Crossover
Accent,Jeddah,Jeddah - Sanabel,"2,026",Fleet,Sedan,Silver,MONTHLY,"2,569",,,NEW,Compact
Pegas,Jeddah,Jeddah - Ar Rawdah,"2,024",LX,Sedan,Grey,MONTHLY,"1,789",,,NEW,Compact
Raize,Jeddah,Jeddah Sakr Qoraish,"2,026",XLE,SUV,Silver,MONTHLY,"2,849",,,NEW,Crossover
K3,Dammam,Dammam - Al Jesr,"2,026",STD,Sedan,Black,MONTHLY,"3,089",,,NEW,Compact
Arrizo 5,Jeddah,Jeddah - Al Nuzha,"2,023",Comfort,Sedan,Blue,MONTHLY,"1,829",,,NEW,Sedan
RX8,Jeddah,Dammam - Al Itisalat,"2,022",STD,SUV,White,MONTHLY,"5,289",,,NEW,SUV
GT,Jeddah,Dammam - Al Itisalat,"2,022",STD,Sedan,Yellow,MONTHLY,"2,339",,,NEW,Sedan
Raize,Jeddah,Jeddah - Heraa,"2,023",XLE,SUV,Silver,MONTHLY,"2,169",,,USED,Crossover
Tucson,Jeddah,Jeddah - Bani Malik,"2,020",Smart,SUV,Grey,MONTHLY,"4,329",,,NEW,Crossover
Dzire,Jeddah,Jeddah - Bani Malik,"2,022",GL,Sedan,Red,MONTHLY,"1,789",,,NEW,Sedan
Yaris,Riyadh,Riyadh - Sulimaniyah,"2,023",Y,Sedan,White,MONTHLY,"2,429",,,NEW,Compact
Pegas,Al Khobar,Al Khobar - Al Thuqbah,"2,026",H,Sedan,White,STS,740,,,NEW,Compact
Pegas,Al Khobar,Al Khobar - Al Thuqbah,"2,026",H,Sedan,White,STS,740,,,NEW,Compact
Accent,Riyadh,Riyadh - Ar Rimal,"2,025",Fleet,Sedan,Silver,MONTHLY,"2,479",,,NEW,Compact
Raize,Mecca,Makkah - Alaziziyyah,"2,026",XLE,SUV,Silver,STS,970,,,NEW,Crossover
Accent,Jeddah,Jeddah - Ar Rawdah,"2,025",Fleet,Sedan,Silver,MONTHLY,"2,569",,,NEW,Compact
Accent,Jeddah,Jeddah - Ar Rawdah,"2,025",Fleet,Sedan,Silver,MONTHLY,"2,569",,,NEW,Compact
Accent,Jeddah,Jeddah Sakr Qoraish,"2,025",Fleet,Sedan,Grey,MONTHLY,"2,459",,,NEW,Compact
Accent,Jeddah,Jeddah - Ar Rawdah,"2,025",Fleet,Sedan,Silver,STS,810,,,NEW,Compact
Alsvin,Riyadh,Riyadh - Sulimaniyah,"2,023",STD,Sedan,White,MONTHLY,"1,770",,,NEW,Sedan
Pegas,Jeddah,Jeddah - Heraa,"2,023",LX,Sedan,Beige,MONTHLY,"1,770",,,NEW,Compact
Urban Cruiser,Riyadh,Riyadh - Urubah,"2,024",STD,Crossover,White,MONTHLY,"3,850",,,NEW,Crossover
Mirage,Jeddah,Jeddah - Bani Malik,"2,022",STD,Hatchback,Red,STS,609,,,NEW,Compact
Dzire,Jeddah,Jeddah - Al Nuzha,"2,023",GL,Sedan,Blue,STS,579,,,NEW,Sedan
Sunny,Jeddah,Jeddah - Al Baghdadiyah,"2,022",Classic,Sedan,Brown,MONTHLY,"1,820",,,NEW,Compact
Sunny,Jeddah,Jeddah - Al Nuzha,"2,022",Classic,Sedan,Silver,MONTHLY,"1,820",,,NEW,Compact
Sunny,Jeddah,Dammam - Al Itisalat,"2,023",S,Sedan,Grey,MONTHLY,"1,820",,,NEW,Compact
Sunny,Jeddah,Dammam - Al Itisalat,"2,023",S,Sedan,White,MONTHLY,"1,820",,,NEW,Compact
Sunny,Jeddah,Dammam - Al Itisalat,"2,023",S,Sedan,White,MONTHLY,"1,820",,,NEW,Compact
Sunny,Jeddah,Dammam - Al Itisalat,"2,023",S,Sedan,Grey,STS,579,,,NEW,Compact
Sunny,Jeddah,Dammam - Al Itisalat,"2,023",S,Sedan,White,STS,579,,,NEW,Compact
Yaris,Jeddah,Dammam - Al Itisalat,"2,026",Y,Sedan,White,MONTHLY,"2,460",,,NEW,Compact
Yaris,Jeddah,Dammam - Al Itisalat,"2,026",Y,Sedan,White,MONTHLY,"2,460",,,NEW,Compact
RX8,Jeddah,Jeddah - Bani Malik,"2,022",STD,SUV,White,STS,"2,099",,,NEW,SUV
GT,Jeddah,Jeddah - Al Baghdadiyah,"2,022",STD,Sedan,Yellow,STS,829,,,NEW,Sedan
GT,Jeddah,Jeddah - Al Baghdadiyah,"2,022",STD,Sedan,Yellow,STS,829,,,NEW,Sedan
GT,Jeddah,Dammam - Al Itisalat,"2,022",STD,Sedan,Yellow,MONTHLY,"2,300",,,NEW,Sedan
ZS,Jeddah,Jeddah - Bani Malik,"2,022",STD,Crossover,Blue,MONTHLY,"2,780",,,NEW,Crossover
Pegas,Jeddah,Jeddah - Ar Rawdah,"2,024",LX,Sedan,Grey,MONTHLY,"1,820",,,NEW,Compact
Pegas,Jeddah,Jeddah - Ar Rawdah,"2,024",LX,Sedan,Grey,MONTHLY,"1,820",,,NEW,Compact
Cooper,Jeddah,Jeddah - Terminal 1,"2,022",STD,Hatchback,Blue,MONTHLY,"6,420",,,NEW,Compact
i10,Riyadh,Riyadh - Al Sahaba,"2,025",MPI,Sedan,White,MONTHLY,"1,870",,,NEW,Compact
Corolla,Riyadh,Riyadh - Al Aqiq,"2,021",XLI,Sedan,White,MONTHLY,"2,580",,,NEW,Sedan
Pegas,Madinah,Madinah - Al Areed,"2,026",LX,Sedan,Silver,MONTHLY,"1,930",,,NEW,Compact
Pegas,Madinah,Madinah - Al Areed,"2,026",LX,Sedan,Silver,STS,680,,,NEW,Compact
Pegas,Madinah,Madinah - Al Areed,"2,026",LX,Sedan,Silver,STS,680,,,NEW,Compact
Venue,Madinah,Madinah - Khalid Ibn Al Walid,"2,024",STD,Crossover,Silver,MONTHLY,"3,000",,,NEW,Crossover
i10,Madinah,Madinah - Khalid Ibn Al Walid,"2,024",MPI,Sedan,Silver,STS,600,,,NEW,Compact
Pegas,Jeddah,Jeddah - Al Fayha,"2,024",LX,Sedan,Silver,MONTHLY,"1,820",,,NEW,Compact
Pegas,Riyadh,Riyadh - Al Falah,"2,023",LX,Sedan,White,MONTHLY,"2,250",,,NEW,Compact
i10,Jeddah,Jeddah - Al-Baghdadiyah Al-Gharbiyah,"2,025",STD,Sedan,White,MONTHLY,"2,105",,,NEW,Compact
i10,Jeddah,Jeddah - Al-Baghdadiyah Al-Gharbiyah,"2,026",MPI,Sedan,White,MONTHLY,"2,211",,,NEW,Compact
Emgrand,Jeddah,Jeddah - Al-Baghdadiyah Al-Gharbiyah,"2,026",STD,Sedan,White,MONTHLY,"2,796",,,NEW,Sedan
i10,Jeddah,Jeddah - Sanabel,"2,026",MPI,Sedan,Grey,MONTHLY,"1,930",,,NEW,Compact
Pegas,Jeddah,Jeddah - Sanabel,"2,026",LX,Sedan,Grey,MONTHLY,"1,930",,,NEW,Compact
Yaris,Dammam,Dammam - Al Rawdah,"2,026",STD,Sedan,White,MONTHLY,"2,460",,,NEW,Compact
Yaris,Dammam,Dammam - Al Rawdah,"2,026",STD,Sedan,White,MONTHLY,"2,460",,,NEW,Compact
Accent,Riyadh,Riyadh - Al Aqiq,"2,026",Fleet,Sedan,White,MONTHLY,"2,634",,,NEW,Compact
Accent,Riyadh,Riyadh - Al Aqiq,"2,026",Fleet,Sedan,White,MONTHLY,"2,634",,,NEW,Compact
Accent,Riyadh,Riyadh - Al Aqiq,"2,026",Fleet,Sedan,White,MONTHLY,"2,634",,,NEW,Compact
Kona,Riyadh,Riyadh - Al Aqiq,"2,025",STD,Crossover,Beige,MONTHLY,"4,105",,,NEW,Crossover
Patrol,Riyadh,Riyadh - Al Aqiq,"2,025",STD,SUV,Black,MONTHLY,"22,850",,,NEW,SUV
Pegas,Jeddah,Jeddah - Bani Malik,"2,026",LX,Sedan,Silver,STS,680,,,NEW,Compact
Pegas,Madinah,Madinah - Airport,"2,026",LX,Sedan,Beige,STS,680,,,NEW,Compact
Pegas,Madinah,Madinah - Al Areed,"2,026",LX,Sedan,Grey,STS,680,,,NEW,Compact
Pegas,Jeddah,Jeddah Airport - Terminal 1,"2,026",LX,Sedan,Grey,STS,680,,,NEW,Compact
Pegas,Jeddah,Jeddah Airport - Terminal 1,"2,026",LX,Sedan,Grey,STS,680,,,NEW,Compact
Dzire,Jeddah,Jeddah - Heraa,"2,025",GL,Sedan,Blue,STS,640,,,NEW,Sedan
i10,Riyadh,Riyadh - Al Wadi,"2,024",MPI,Sedan,Grey,MONTHLY,"1,820",,,NEW,Compact
i10,Riyadh,Riyadh - Urubah,"2,024",MPI,Sedan,Blue,MONTHLY,"1,820",,,NEW,Compact
Pegas,Riyadh,Riyadh - Al Yarmuk,"2,024",LX,Sedan,White,STS,600,,,NEW,Compact
Raize,Riyadh,Riyadh - Al Yarmuk,"2,023",XLE,SUV,Blue,MONTHLY,"2,140",,,USED,Crossover
Tahoe,Riyadh,Riyadh Airport - Terminal 5,"2,025",STD,SUV,Black,MONTHLY,"17,120",,,NEW,SUV
Yaris,Riyadh,Riyadh - Al Aqiq,"2,023",Y,Sedan,Silver,STS,939,,,NEW,Compact
Accent,Riyadh,Riyadh - Al Aqiq,"2,023",Smart Plus,Sedan,Grey,MONTHLY,"2,630",,,NEW,Compact
Creta,Riyadh,Riyadh - Al Urubah,"2,026",Smart,SUV,Black,STS,"1,130",,,NEW,Crossover
Pegas,Riyadh,Riyadh - Al Yarmuk,"2,025",LX,Sedan,Silver,MONTHLY,"1,980",,,NEW,Compact
Yaris,Riyadh,Riyadh - Al-Qirawan ( 1 ),"2,026",Y,Sedan,White,STS,"1,040",,,NEW,Compact
Dzire,Riyadh,Riyadh - Al-Qirawan ( 1 ),"2,024",GL,Sedan,White,STS,600,,,NEW,Sedan
Pegas,Riyadh,Noon - Dhahrat Laban,"2,026",H,Sedan,Silver,STS,740,,,NEW,Compact
Pegas,Riyadh,Noon - Dhahrat Laban,"2,026",H,Sedan,Silver,STS,740,,,NEW,Compact
Pegas,Riyadh,Riyadh - Al Masiaf,"2,026",H,Sedan,Silver,STS,740,,,NEW,Compact
Pegas,Riyadh,Riyadh - Al Masiaf,"2,026",H,Sedan,Silver,STS,740,,,NEW,Compact
Elantra,Madinah,Madinah - Khalid Ibn Al Walid,"2,023",Fleet,Sedan,Grey,MONTHLY,"2,620",,,NEW,Sedan
Raize,Jeddah,Jeddah - Al Fayha,"2,023",XLE,SUV,Red,MONTHLY,"2,140",,,USED,Crossover
Urban Cruiser,Riyadh,Qurtubah,"2,026",STD,Crossover,Silver,MONTHLY,"3,740",,,NEW,Crossover
Taurus,Riyadh,Riyadh - Al Wadi,"2,025",Ambiente,Sedan,Black,MONTHLY,"6,210",,,NEW,Sedan
Taurus,Riyadh,Riyadh - Al Wadi,"2,025",Ambiente,Sedan,Black,STS,"2,400",,,NEW,Sedan
Venue,Riyadh,Riyadh - Al Wadi,"2,024",STD,Crossover,White,MONTHLY,"3,000",,,NEW,Crossover
Pegas,Jeddah,Jeddah - Al Fayha,"2,026",LX,Sedan,Beige,MONTHLY,"1,930",,,NEW,Compact
Pegas,Jeddah,Jeddah - Al Fayha,"2,026",LX,Sedan,Beige,MONTHLY,"1,930",,,NEW,Compact
Pegas,Dammam,Dammam - Al Itisalat,"2,024",LX,Sedan,Beige,MONTHLY,"2,179",,,NEW,Compact
Dzire,Riyadh,Riyadh - King Fahd,"2,023",GL,Sedan,Silver,MONTHLY,"2,459",,,NEW,Sedan
Pegas,Dammam,Dammam - Al Itisalat,"2,023",LX,Sedan,Silver,STS,969,,,NEW,Compact
Pegas,Dammam,Dammam - Al Itisalat,"2,023",LX,Sedan,Silver,STS,969,,,NEW,Compact
Taurus,Riyadh,Riyadh - Al Aqiq,"2,022",Ambiente NG,Sedan,Black,MONTHLY,"7,459",,,NEW,Sedan
Cooper,Riyadh,Riyadh - Urubah,"2,023",STD,Hatchback,Grey,STS,"3,600",,,NEW,Compact
Yaris,Jeddah,Jeddah - Ar Rawdah,"2,023",Y,Sedan,Grey,MONTHLY,"2,479",,,NEW,Compact
Creta,Riyadh,Riyadh - Malqa,"2,023",Smart,SUV,Golden,MONTHLY,"4,169",,,NEW,Crossover
Accent,Riyadh,Riyadh - Al Yarmuk,"2,025",Fleet,Sedan,Grey,MONTHLY,"3,079",,,NEW,Compact
Accent,Riyadh,Riyadh - Al Yarmuk,"2,025",Fleet,Sedan,Grey,MONTHLY,"3,079",,,NEW,Compact
Elantra,Riyadh,Riyadh - Al Yarmuk,"2,025",Fleet,Sedan,Grey,MONTHLY,"3,489",,,NEW,Sedan
Pegas,Al Khobar,Khobar -  King Abdullah Branch Road,"2,025",LX,Sedan,Gold,STS,779,,,NEW,Compact
Pegas,Al Khobar,Khobar -  King Abdullah Branch Road,"2,025",LX,Sedan,Gold,STS,779,,,NEW,Compact
Pegas,Riyadh,Riyadh - Dhahrat Laban,"2,024",LX,Sedan,White,STS,859,,,NEW,Compact
Yaris,Riyadh,Riyadh - Dhahrat Laban,"2,023",Y,Sedan,Silver,STS,889,,,NEW,Compact
Sunny,Riyadh,Riyadh - Dhahrat Laban,"2,022",Classic,Sedan,White,STS,819,,,NEW,Compact
Sunny,Dammam,Dammam - Al Itisalat,"2,024",SV,Sedan,Grey,MONTHLY,"2,399",,,NEW,Compact
Sunny,Dammam,Dammam - Al Itisalat,"2,024",SV,Sedan,Grey,MONTHLY,"2,399",,,NEW,Compact
Sunny,Al Khobar,Al Khobar -  Al-Thuqbah,"2,024",SV,Sedan,Silver,MONTHLY,"2,349",,,NEW,Compact
Kicks,Dammam,Dammam - Al Itisalat,"2,024",S,SUV,Grey,MONTHLY,"3,079",,,NEW,Crossover
Sunny,Al Khobar,Al Khobar -  Al-Thuqbah,"2,024",S,Sedan,Silver,STS,"1,049",,,NEW,Compact
Sunny,Al Khobar,Al Khobar -  Al-Thuqbah,"2,024",S,Sedan,Silver,STS,"1,049",,,NEW,Compact
Dzire,Riyadh,Riyadh - An Nahdah,"2,023",GL,Sedan,Grey,STS,742,,,NEW,Sedan
Dzire,Riyadh,Riyadh - Qurtubah,"2,023",GL,Sedan,Grey,STS,639,,,NEW,Sedan
Dzire,Riyadh,Riyadh - Al Wurud,"2,023",GL,Sedan,Grey,STS,639,,,NEW,Sedan
Dzire,Riyadh,Riyadh - Qurtubah,"2,023",GL,Sedan,Grey,STS,742,,,NEW,Sedan
Pegas,Riyadh,Riyadh - An Nahdah,"2,023",LX,Sedan,Grey,STS,639,,,NEW,Compact
Dzire,Riyadh,Riyadh - An Nahdah,"2,023",GL,Sedan,Grey,STS,639,,,NEW,Sedan
Dzire,Riyadh,Riyadh - An Nahdah,"2,023",GL,Sedan,Grey,STS,639,,,NEW,Sedan
Accent,Jeddah,Jeddah - Ar Rawdah,"2,023",Smart Plus,Sedan,White,MONTHLY,"2,459",,,NEW,Compact
Accent,Jeddah,Jeddah - Ar Rawdah,"2,023",Smart Plus,Sedan,White,MONTHLY,"2,459",,,NEW,Compact
Yukon,Riyadh,Riyadh - Qurtubah,"2,023",STD,SUV,Black,STS,"3,880",,,NEW,SUV
Pegas,Riyadh,Riyadh - Alawali,"2,024",STD,Sedan,White,STS,650,,,NEW,Compact
Accent,Riyadh,Riyadh - Qurtubah,"2,025",STD,Sedan,Silver,STS,950,,,NEW,Compact
Pegas,Riyadh,Riyadh - An Nahdah (Pick up),"2,025",LX,Sedan,Gray,STO,"2,100","2,300",36,NEW,Compact
Kicks,Dammam,Dammam - Al Itisalat,"2,024",S,SUV,Black,STS,"1,939",,,NEW,Crossover
K3,Dammam,Dammam - Al Itisalat,"2,025",STD,Sedan,Black,MONTHLY,"3,199",,,NEW,Compact
K3,Dammam,Dammam - Al Itisalat,"2,025",STD,Sedan,Grey,MONTHLY,"3,149",,,NEW,Compact
Accent,Dammam,Dammam - Al Itisalat,"2,023",Smart Plus,Sedan,Silver,MONTHLY,"2,469",,,NEW,Compact
Accent,Riyadh,Riyadh - Al Aqiq,"2,023",Smart Plus,Sedan,Silver,MONTHLY,"2,630",,,NEW,Compact
RX5,Riyadh,Riyadh - Al Yarmuk,"2,023",STD,SUV,White,STS,"1,190",,,NEW,Crossover
Pegas,Riyadh,Riyadh - Al Yarmuk,"2,026",STD,Sedan,Grey,STS,600,,,NEW,Compact
Pegas,Riyadh,Riyadh - An Nahdah,"2,026",STD,Sedan,Grey,STS,600,,,NEW,Compact
Pegas,Riyadh,Riyadh - An Nahdah,"2,026",STD,Sedan,Grey,STS,600,,,NEW,Compact
Pegas,Jeddah,Jeddah - Al Fayhaa,"2,026",LX,Sedan,White,STS,,,,NEW,Compact
Pegas,Jeddah,Jeddah - Al Fayhaa,"2,026",LX,Sedan,White,STS,,,,NEW,Compact
Pegas,Jeddah,Jeddah - Al Fayhaa,"2,026",LX,Sedan,White,STS,,,,NEW,Compact
S450,Jeddah,Jeddah - Madina Al-Munawarah,"2,026",STD,Sedan,Black,STS,"13,685",,,NEW,Luxury
S450,Riyadh,Riyadh - Rahmaniyyah,"2,026",STD,Sedan,Black,STS,"13,685",,,NEW,Luxury
E200,Riyadh,Riyadh - Rahmaniyyah,"2,026",STD,Sedan,Grey,MONTHLY,"25,279",,,NEW,Sedan
CT5,Jeddah,Jeddah - Madina Al-Munawarah,"2,026",2 0L Turbo RWD,Sedan,Black,STS,"6,335",,,NEW,Sedan
Defender,Jeddah,Jeddah - Madina Al-Munawarah,"2,025",STD,SUV,Grey,MONTHLY,"38,029",,,NEW,SUV
Sunny,Dammam,Dammam - Al Qadisyyah,"2,023",S,Sedan,White,MONTHLY,"2,189",,,NEW,Compact
Sunny,Dammam,Dammam - Al Qadisyyah,"2,023",S,Sedan,White,MONTHLY,"2,129",,,NEW,Compact
Sunny,Al Khobar,Khobar - Al Thawn,"2,023",S,Sedan,White,MONTHLY,"2,119",,,NEW,Compact
Veloz,Riyadh,Riyadh - Al Yarmuk,"2,023",STD,SUV,White,STS,"1,500",,,NEW,Crossover
Veloz,Riyadh,Riyadh - Al Yarmuk,"2,023",STD,SUV,White,STS,"1,500",,,NEW,Crossover
HS,Riyadh,Riyadh - Al Yarmuk,"2,023",STD,SUV,White,STS,"1,190",,,NEW,Crossover
HS,Riyadh,Riyadh - Al Yarmuk,"2,023",STD,SUV,White,STS,"1,190",,,NEW,Crossover
HS,Riyadh,Riyadh - Al Falah,"2,023",STD,SUV,White,STS,"1,190",,,NEW,Crossover
HS,Riyadh,Riyadh - Al Falah,"2,023",STD,SUV,White,STS,"1,190",,,NEW,Crossover
Sunny,Riyadh,Riyadh - Al Yarmuk,"2,024",STD,Sedan,Silver,STS,600,,,NEW,Compact
Sunny,Riyadh,Riyadh - Al Yarmuk,"2,024",STD,Sedan,Silver,STS,600,,,NEW,Compact
Sunny,Riyadh,Riyadh - Al Yarmuk,"2,024",STD,Sedan,Silver,STS,600,,,NEW,Compact
Sunny,Riyadh,Riyadh - Al Yarmuk,"2,024",STD,Sedan,Silver,STS,600,,,NEW,Compact
Sunny,Riyadh,Riyadh - Al Yarmuk,"2,024",STD,Sedan,Silver,STS,600,,,NEW,Compact
Sunny,Riyadh,Riyadh - Al Yarmuk,"2,024",STD,Sedan,Silver,STS,600,,,NEW,Compact
Sunny,Riyadh,Riyadh - An Nahdah,"2,024",STD,Sedan,White,STS,600,,,NEW,Compact
Sunny,Riyadh,Riyadh - An Nahdah,"2,024",STD,Sedan,White,STS,600,,,NEW,Compact
Sunny,Riyadh,Riyadh - Al Falah,"2,024",STD,Sedan,White,STS,600,,,NEW,Compact
Sunny,Riyadh,Riyadh - Al Falah,"2,024",STD,Sedan,White,STS,600,,,NEW,Compact
RX5,Riyadh,Riyadh - Al Yarmuk,"2,023",STD,SUV,White,MONTHLY,"3,469",,,NEW,Crossover
City,Riyadh,Riyadh - An Nahdah,"2,024",STD,Sedan,White,STS,750,,,NEW,Compact
City,Riyadh,Riyadh - An Nahdah,"2,024",STD,Sedan,White,STS,750,,,NEW,Compact
City,Riyadh,Riyadh - Al Falah,"2,024",STD,Sedan,White,STS,750,,,NEW,Compact
GT,Riyadh,Riyadh - Al Yarmuk,"2,024",STD,Sedan,Graphite,MONTHLY,"3,079",,,NEW,Sedan
GT,Riyadh,Riyadh - Al Yarmuk,"2,024",STD,Sedan,Graphite,MONTHLY,"3,079",,,NEW,Sedan
GT,Riyadh,Riyadh - Al Yarmuk,"2,024",STD,Sedan,Graphite,MONTHLY,"3,079",,,NEW,Sedan
GT,Riyadh,Riyadh - An Nahdah,"2,024",STD,Sedan,Grey,MONTHLY,"3,079",,,NEW,Sedan
GT,Riyadh,Riyadh - An Nahdah,"2,024",STD,Sedan,Grey,MONTHLY,"3,079",,,NEW,Sedan
GT,Riyadh,Riyadh - An Nahdah,"2,024",STD,Sedan,Grey,MONTHLY,"3,079",,,NEW,Sedan
GT,Riyadh,Riyadh - Al Falah,"2,024",STD,Sedan,Grey,MONTHLY,"3,079",,,NEW,Sedan
Veloz,Riyadh,Riyadh - An Nahdah,"2,023",STD,SUV,White,STS,"1,500",,,NEW,Crossover
Corolla,Riyadh,Riyadh - Al Yarmuk,"2,024",STD,Sedan,Black,STS,750,,,NEW,Sedan
HS,Riyadh,Riyadh - An Nahdah,"2,023",STD,SUV,White,STS,"1,190",,,NEW,Crossover
HS,Riyadh,Riyadh - An Nahdah,"2,023",STD,SUV,White,STS,"1,190",,,NEW,Crossover
RX5,Riyadh,Riyadh - An Nahdah,"2,023",STD,SUV,White,MONTHLY,"3,469",,,NEW,Crossover
RX5,Riyadh,Riyadh - Al Falah,"2,023",STD,SUV,White,MONTHLY,"3,469",,,NEW,Crossover
Corolla,Riyadh,Riyadh - An Nahdah,"2,024",STD,Sedan,Black,STS,750,,,NEW,Sedan
Corolla,Riyadh,Riyadh - An Nahdah,"2,024",STD,Sedan,Black,STS,750,,,NEW,Sedan
Corolla,Riyadh,Riyadh - Al Falah,"2,024",STD,Sedan,Black,STS,750,,,NEW,Sedan
Pegas,Al Khobar,Al Khobar -  Al-Thuqbah,"2,023",LX,Sedan,Grey,STS,969,,,NEW,Compact
Eado,Dammam,Dammam - Al Itisalat,"2,023",Plus,Sedan,Silver,MONTHLY,"2,289",,,NEW,Sedan
Eado,Dammam,Dammam - Al Itisalat,"2,023",Plus,Sedan,Silver,MONTHLY,"2,289",,,NEW,Sedan
Pegas,Dammam,Dammam - Al Itisalat,"2,023",LX,Sedan,Silver,MONTHLY,"1,959",,,NEW,Compact
Pegas,Dammam,Dammam - Al Itisalat,"2,023",LX,Sedan,Silver,MONTHLY,"1,959",,,NEW,Compact
Alsvin,Dammam,Dammam - Al Itisalat,"2,023",STD,Sedan,White,MONTHLY,"1,889",,,NEW,Sedan
Alsvin,Dammam,Dammam - Al Itisalat,"2,023",STD,Sedan,White,MONTHLY,"1,889",,,NEW,Sedan
Pegas,Dammam,Dammam - Al Itisalat,"2,023",LX,Sedan,Black,MONTHLY,"2,029",,,NEW,Compact
Pegas,Jeddah,Jeddah - Al-Baghdadiyah Al-Gharbiyah,"2,026",LX,Sedan,White,MONTHLY,"2,389",,,NEW,Compact
Accent,Al Khobar,Al Khobar -  Al-Thuqbah,"2,023",Smart Plus,Sedan,White,MONTHLY,"2,419",,,NEW,Compact
Accent,Dammam,Dammam - Al Itisalat,"2,023",Smart Plus,Sedan,Silver,STS,"1,169",,,NEW,Compact
Accent,Al Khobar,Al Khobar -  Al-Thuqbah,"2,023",Smart Plus,Sedan,White,STS,"1,169",,,NEW,Compact
Accent,Dammam,Dammam - Al Itisalat,"2,024",Smart,Sedan,Grey,STS,"1,279",,,NEW,Compact
Accent,Al Khobar,Al Khobar -  Al-Thuqbah,"2,024",Smart,Sedan,Grey,STS,"1,279",,,NEW,Compact
Accent,Al Khobar,Al Khobar -  Al-Thuqbah,"2,024",Smart,Sedan,Silver,STS,"1,279",,,NEW,Compact
Elantra,Al Khobar,Al Khobar -  Al-Thuqbah,"2,022",Fleet,Sedan,White,MONTHLY,"2,449",,,NEW,Sedan
Elantra,Dammam,Dammam - Al Itisalat,"2,022",Fleet,Sedan,Grey,MONTHLY,"2,449",,,NEW,Sedan
Alsvin,Dammam,Dammam - Al Itisalat,"2,024",STD,Sedan,Black,MONTHLY,"2,059",,,NEW,Sedan
Alsvin,Al Khobar,Al Khobar -  Al-Thuqbah,"2,024",STD,Sedan,Black,MONTHLY,"2,059",,,NEW,Sedan
Alsvin,Al Khobar,Al Khobar -  Al-Thuqbah,"2,024",STD,Sedan,Silver,STS,"1,009",,,NEW,Sedan
Alsvin,Al Khobar,Al Khobar -  Al-Thuqbah,"2,024",STD,Sedan,Silver,STS,"1,009",,,NEW,Sedan
Alsvin,Dammam,Dammam - Al Itisalat,"2,024",STD,Sedan,White,MONTHLY,"2,049",,,NEW,Sedan
Alsvin,Al Khobar,Al Khobar -  Al-Thuqbah,"2,024",STD,Sedan,White,MONTHLY,"2,039",,,NEW,Sedan
Alsvin,Dammam,Dammam - Al Itisalat,"2,023",STD,Sedan,White,MONTHLY,"1,889",,,NEW,Sedan
Pegas,Dammam,Dammam - Al Itisalat,"2,024",LX,Sedan,Beige,MONTHLY,"2,219",,,NEW,Compact
Pegas,Al Khobar,Al Khobar -  Al-Thuqbah,"2,024",LX,Sedan,Beige,MONTHLY,"2,149",,,NEW,Compact
Pegas,Al Khobar,Al Khobar -  Al-Thuqbah,"2,023",LX,Sedan,Grey,STS,969,,,NEW,Compact
Elantra,Jeddah,Jeddah - Al Fayhaa,"2,026",Fleet,Sedan,White,STS,,,,NEW,Sedan
S450,Riyadh,Riyadh - Qurtubah,"2,025",STD,Sedan,Black,MONTHLY,"36,689",,,NEW,Luxury
500,Dammam,Dammam - Al Itisalat,"2,024",STD,Hatchback,Blue,MONTHLY,"4,389",,,NEW,Compact
500,Dammam,Dammam - Al Itisalat,"2,024",STD,Hatchback,Blue,MONTHLY,"4,389",,,NEW,Compact
Sunny,Al Khobar,Al Khobar -  Al-Thuqbah,"2,023",S,Sedan,Black,STS,929,,,NEW,Compact
Sunny,Al Khobar,Al Khobar -  Al-Thuqbah,"2,023",S,Sedan,Black,STS,929,,,NEW,Compact
Sunny,Dammam,Dammam - Al Itisalat,"2,023",S,Sedan,Silver,STS,929,,,NEW,Compact
Sunny,Al Khobar,Al Khobar -  Al-Thuqbah,"2,023",S,Sedan,Black,STS,929,,,NEW,Compact
Sunny,Dammam,Dammam - Al Itisalat,"2,024",S,Sedan,Silver,MONTHLY,"2,129",,,NEW,Compact
Sunny,Dammam,Dammam - Al Itisalat,"2,024",S,Sedan,Silver,MONTHLY,"2,209",,,NEW,Compact
Sunny,Al Khobar,Al Khobar -  Al-Thuqbah,"2,024",S,Sedan,Silver,MONTHLY,"2,209",,,NEW,Compact
Sunny,Al Khobar,Al Khobar -  Al-Thuqbah,"2,024",S,Sedan,Silver,MONTHLY,"2,209",,,NEW,Compact
Sunny,Al Khobar,Al Khobar -  Al-Thuqbah,"2,024",SV,Sedan,Grey,MONTHLY,"2,349",,,NEW,Compact
Sunny,Dammam,Dammam - Al Itisalat,"2,024",SV,Sedan,Silver,MONTHLY,"2,349",,,NEW,Compact
Sunny,Al Khobar,Al Khobar -  Al-Thuqbah,"2,024",SV,Sedan,Silver,MONTHLY,"2,349",,,NEW,Compact
Sunny,Dammam,Dammam - Al Itisalat,"2,024",S,Sedan,Silver,STS,"1,049",,,NEW,Compact
Sunny,Dammam,Dammam - Al Itisalat,"2,024",S,Sedan,Silver,STS,"1,049",,,NEW,Compact
Kicks,Dammam,Dammam - Al Itisalat,"2,024",S,SUV,Blue,MONTHLY,"3,079",,,NEW,Crossover
Kicks,Dammam,Dammam - Al Itisalat,"2,024",S,SUV,Blue,STS,"1,939",,,NEW,Crossover
Kicks,Al Khobar,Al Khobar -  Al-Thuqbah,"2,024",S,SUV,Blue,STS,"1,939",,,NEW,Crossover
Fortuner,Riyadh,Riyadh - Qurtubah,"2,025",STD,SUV,White,STS,"2,590",,,NEW,SUV
Pegas,Riyadh,Daily Riyadh - Al Aqiq,"2,024",LX,Sedan,Silver,STS,700,,,NEW,Compact
Pegas,Riyadh,Daily Riyadh - Al Aqiq,"2,024",LX,Sedan,Silver,STS,700,,,NEW,Compact
Pegas,Riyadh,Daily Riyadh - Al Aqiq,"2,022",LX,Sedan,White,STS,840,,,NEW,Compact
Alsvin,Dammam,Dammam - Al Itisalat,"2,023",STD,Sedan,Silver,STS,969,,,NEW,Sedan
Alsvin,Al Khobar,Al Khobar -  Al-Thuqbah,"2,023",STD,Sedan,Silver,STS,969,,,NEW,Sedan
Alsvin,Dammam,Dammam - Al Itisalat,"2,023",STD,Sedan,Red,STS,969,,,NEW,Sedan
Alsvin,Al Khobar,Al Khobar -  Al-Thuqbah,"2,023",STD,Sedan,Silver,STS,969,,,NEW,Sedan
Alsvin,Al Khobar,Al Khobar -  Al-Thuqbah,"2,023",STD,Sedan,White,STS,969,,,NEW,Sedan
Alsvin,Dammam,Dammam - Al Itisalat,"2,024",STD,Sedan,Silver,MONTHLY,"2,049",,,NEW,Sedan
Alsvin,Dammam,Dammam - Al Itisalat,"2,024",STD,Sedan,Black,STS,"1,009",,,NEW,Sedan
Alsvin,Al Khobar,Al Khobar -  Al-Thuqbah,"2,024",STD,Sedan,Silver,STS,"1,009",,,NEW,Sedan
Pegas,Dammam,Dammam - Al Itisalat,"2,024",LX,Sedan,Grey,STS,"1,009",,,NEW,Compact
Pegas,Al Khobar,Al Khobar -  Al-Thuqbah,"2,024",LX,Sedan,Grey,STS,"1,009",,,NEW,Compact
Pegas,Dammam,Dammam - Al Itisalat,"2,023",LX,Sedan,Beige,STS,969,,,NEW,Compact
Pegas,Dammam,Dammam - Al Itisalat,"2,023",LX,Sedan,Beige,MONTHLY,"2,019",,,NEW,Compact
Eado,Dammam,Dammam - Al Itisalat,"2,023",Plus,Sedan,White,MONTHLY,"2,289",,,NEW,Sedan
Elantra,Riyadh,Riyadh - Al Masiaf 2,"2,025",STD,Sedan,Grey,MONTHLY,"2,799",,,NEW,Sedan
i10,Riyadh,Daily Riyadh - Al Aqiq,"2,026",MPI,Sedan,Silver,MONTHLY,"2,039",,,NEW,Compact
Emgrand,Riyadh,Daily Riyadh - Al Aqiq,"2,026",STD,Sedan,Black,STS,,,,NEW,Sedan
Coolray,Riyadh,Daily Riyadh - Al Aqiq,"2,026",GS,Crossover,Grey,STS,,,,NEW,Crossover
Cerato,Dammam,Dammam - Al Qadisyyah,"2,023",LX,Sedan,White,MONTHLY,"3,118",,,NEW,Compact
Yaris,Riyadh,Riyadh - Al Masiaf 2,"2,026",STD,Sedan,Silver,MONTHLY,"2,429",,,NEW,Compact
Pegas,Riyadh,Noon - Dhahrat Laban,"2,026",H,Sedan,White,STS,740,,,NEW,Compact
Pegas,Dammam,Dammam - Al Rawdah,"2,026",H,Sedan,Silver,MONTHLY,"2,050",,,NEW,Compact
Dzire,Riyadh,Daily Riyadh - Al Aqiq,"2,024",GL,Sedan,White,STS,700,,,NEW,Sedan
Dzire,Riyadh,Daily Riyadh - Al Aqiq,"2,024",GL,Sedan,White,STS,700,,,NEW,Sedan
Dzire,Riyadh,Daily Riyadh - Al Aqiq,"2,024",GL,Sedan,White,STS,700,,,NEW,Sedan
Pegas,Riyadh,Riyadh - As Sulimaniyah,"2,026",STD,Sedan,Silver,STS,950,,,NEW,Compact
Accent,Riyadh,Riyadh - As Sulimaniyah,"2,024",STD,Sedan,White,MONTHLY,"2,270",,,NEW,Compact
Accent,Riyadh,Riyadh - Makah Road,"2,026",Fleet,Sedan,White,MONTHLY,"2,499",,,NEW,Compact
Accent,Riyadh,Riyadh - Al Khaleej,"2,026",Fleet,Sedan,White,MONTHLY,"2,499",,,NEW,Compact
Accent,Riyadh,Riyadh - Al Khaleej,"2,026",Fleet,Sedan,White,MONTHLY,"2,499",,,NEW,Compact
Sunny,Madinah,Madinah - Al Jamawat,"2,024",S,Sedan,Silver,STS,"1,179",,,NEW,Compact
Sunny,Madinah,Madinah - Al Jamawat,"2,024",S,Sedan,Silver,STS,"1,179",,,NEW,Compact
Sunny,Madinah,Madinah - Al Jamawat,"2,024",S,Sedan,Silver,STS,"1,179",,,NEW,Compact
Yaris,Jeddah,Jeddah - Al Baghdadiyah,"2,026",Y,Sedan,White,MONTHLY,"2,329",,,NEW,Compact
Yaris,Jeddah,Jeddah - Al Baghdadiyah,"2,026",Y,Sedan,Silver,MONTHLY,"2,349",,,NEW,Compact
Jolion,Mecca,Mecca - Al Nuzha,"2,025",Basic,Hatchback,White,MONTHLY,"3,909",,,NEW,Crossover
Jolion,Mecca,Mecca - Al Nuzha,"2,025",Basic,Hatchback,White,STS,"1,579",,,NEW,Crossover
Pegas,Riyadh,Riyadh - Al Muruj - Pickup,"2,025",LX,Sedan,White,MONTHLY,"1,870",,,NEW,Compact
Tucson,Riyadh,Riyadh - Al Yarmuk,"2,023",STD,SUV,Golden,MONTHLY,"4,189",,,NEW,Crossover
Sunny,Mecca,Mecca - Al Nuzha,"2,024",S,Sedan,Silver,STS,"1,179",,,NEW,Compact
Sunny,Mecca,Mecca - Al Nuzha,"2,024",S,Sedan,Silver,STS,"1,179",,,NEW,Compact
Sunny,Madinah,Madinah - Al Iskan,"2,024",S,Sedan,Silver,STS,"1,179",,,NEW,Compact
Sunny,Riyadh,Riyadh - Al Falah,"2,022",Classic,Sedan,White,STS,799,,,NEW,Compact
Accent,Riyadh,Riyadh - Qurtubah,"2,024",STD,Sedan,White,MONTHLY,"2,270",,,NEW,Compact
Sunny,Dammam,Dammam - Al Taawoun,"2,024",S,Sedan,White,STS,"1,179",,,NEW,Compact
Yaris,Riyadh,Riyadh - Al Yarmuk,"2,026",STD,Sedan,Grey,MONTHLY,"2,429",,,NEW,Compact
Pegas,Al Khobar,Khobar - Al Thawn,"2,022",LX,Sedan,White,MONTHLY,"2,140",,,NEW,Compact
Sunny,Al Khobar,Khobar - Al Thawn,"2,022",Classic,Sedan,White,STS,799,,,NEW,Compact
5,Riyadh,Riyadh - An Nasim Al Gharbi - Pickup,"2,025",STD,Sedan,White,STO,"1,975","2,300",,NEW,Compact
5,Riyadh,Riyadh - An Nasim Al Gharbi - Pickup,"2,025",STD,Sedan,White,STO,"1,975","2,300",,NEW,Compact
5,Riyadh,Riyadh - An Nasim Al Gharbi - Pickup,"2,025",STD,Sedan,White,STO,"1,975","2,300",,NEW,Compact
Yaris,Dammam,Dammam - Al Rawdah,"2,026",STD,Sedan,White,STS,810,,,NEW,Compact
Accent,Dammam,Dammam - Al Rawda,"2,025",Fleet,Sedan,Silver,MONTHLY,"2,459",,,NEW,Compact
Alsvin,Riyadh,Riyadh - Al Quds,"2,024",STD,Sedan,White,MONTHLY,"1,729",,,NEW,Sedan
Alsvin,Dammam,Dammam - Al Rawda,"2,025",STD,Sedan,White,MONTHLY,"1,809",,,NEW,Sedan
Elantra,Riyadh,Riyadh - King Fahd Rd,"2,025",Fleet,Sedan,White,MONTHLY,"3,509",,,NEW,Sedan
Accent,Riyadh,Riyadh - Al Quds,"2,024",Smart,Sedan,White,MONTHLY,"2,449",,,NEW,Compact
Yaris,Riyadh,Riyadh - Al Sahaba,"2,024",Y,Sedan,White,MONTHLY,"2,359",,,NEW,Compact
Accent,Riyadh,Riyadh - Al Quds,"2,024",Smart,Sedan,Black,MONTHLY,"2,419",,,NEW,Compact
Alsvin,Riyadh,Riyadh - Al Quds,"2,024",STD,Sedan,White,MONTHLY,"1,729",,,NEW,Sedan
Yaris,Dammam,Dammam - Al Rawda,"2,024",Y,Sedan,Grey,MONTHLY,"2,339",,,NEW,Compact
Alsvin,Riyadh,Riyadh - Al Quds,"2,025",STD,Sedan,Silver,MONTHLY,"1,799",,,NEW,Sedan
Elantra,Riyadh,Riyadh - Qurtubah 2,"2,025",Fleet,Sedan,Gray,MONTHLY,"3,299",,,NEW,Sedan
Alsvin,Riyadh,Riyadh - Al Quds,"2,025",STD,Sedan,White,MONTHLY,"1,799",,,NEW,Sedan
Yaris,Jeddah,Jeddah - Salamah,"2,024",Y,Sedan,White,MONTHLY,"2,319",,,NEW,Compact
Alsvin,Riyadh,Riyadh - Al Quds,"2,024",STD,Sedan,Blue,MONTHLY,"1,729",,,NEW,Sedan
Accent,Dammam,Dammam - Al Rawda,"2,024",Smart,Sedan,Grey,MONTHLY,"2,379",,,NEW,Compact
Yaris,Riyadh,Riyadh - Qurtubah 2,"2,024",Y,Sedan,White,MONTHLY,"2,349",,,NEW,Compact
Alsvin,Riyadh,Riyadh - Al Sahaba,"2,024",STD,Sedan,Silver,MONTHLY,"1,729",,,NEW,Sedan
Accent,Riyadh,Riyadh - Al Quds,"2,025",Fleet,Sedan,White,MONTHLY,"2,499",,,NEW,Compact
Accent,Riyadh,Riyadh - Al Quds,"2,025",Fleet,Sedan,White,MONTHLY,"2,509",,,NEW,Compact
Accent,Riyadh,Riyadh - Qurtubah 2,"2,025",Fleet,Sedan,White,MONTHLY,"2,469",,,NEW,Compact
Alsvin,Dammam,Dammam - Al Rawda,"2,024",STD,Sedan,White,MONTHLY,"1,739",,,NEW,Sedan
Yaris,Riyadh,Riyadh - Al Quds,"2,024",Y,Sedan,Grey,MONTHLY,"2,369",,,NEW,Compact
Elantra,Riyadh,Riyadh - King Fahd Rd,"2,024",Fleet,Sedan,White,MONTHLY,"3,089",,,NEW,Sedan
Accent,Riyadh,Riyadh - Al Sahaba,"2,025",Fleet,Sedan,Black,MONTHLY,"2,499",,,NEW,Compact
Dzire,Riyadh,Riyadh - Qurtubah,"2,024",GL,Sedan,White,MONTHLY,"2,039",,,NEW,Sedan
Elantra,Riyadh,Riyadh - Qurtubah,"2,025",Fleet,Sedan,White,MONTHLY,"3,499",,,NEW,Sedan
Elantra,Riyadh,Riyadh - Al Quds,"2,025",Fleet,Sedan,Grey,MONTHLY,"3,459",,,NEW,Sedan
Dzire,Riyadh,Riyadh - Qurtubah 2,"2,024",GL,Sedan,Blue,MONTHLY,"2,039",,,NEW,Sedan
Elantra,Riyadh,Riyadh - Qurtubah,"2,025",Fleet,Sedan,White,MONTHLY,"3,469",,,NEW,Sedan
Dzire,Dammam,Dammam - Al Rawda,"2,024",GL,Sedan,Blue,MONTHLY,"2,039",,,NEW,Sedan
Sunny,Arar,ARAR,"2,023",S,Sedan,White,MONTHLY,"2,250",,,NEW,Compact
Sonata,Arar,ARAR,"2,025",Fleet,Sedan,White,MONTHLY,"5,800",,,NEW,Sedan
Alsvin,Arar,ARAR,"2,025",STD,Sedan,White,MONTHLY,"2,151",,,NEW,Sedan
Elantra,Riyadh,Riyadh - Al Masiaf,"2,023",STD,Sedan,Grey,MONTHLY,"2,589",,,NEW,Sedan
Kona,Riyadh,Daily Riyadh - Al Aqiq,"2,022",Smart,Crossover,Black,STS,"1,020",,,NEW,Crossover
Sunny,Riyadh,Riyadh - Sulimaniyah,"2,024",S,Sedan,Silver,STS,"1,179",,,NEW,Compact
Sunny,Jeddah,Jeddah - Palestine,"2,024",S,Sedan,Silver,STS,"1,179",,,NEW,Compact
Sunny,Jeddah,Jeddah - Palestine,"2,024",S,Sedan,Silver,STS,"1,179",,,NEW,Compact
RX5,Riyadh,Riyadh - Al Qirawan,"2,022",STD,SUV,Black,MONTHLY,"2,539",,,NEW,Crossover
Jolion,Jeddah,Jeddah - Palestine,"2,025",Basic,Hatchback,Silver,MONTHLY,"4,019",,,NEW,Crossover
Jolion,Jeddah,Jeddah - Palestine,"2,025",Basic,Hatchback,Silver,MONTHLY,"4,019",,,NEW,Crossover
Elantra,Arar,ARAR,"2,023",Fleet,Sedan,White,MONTHLY,"3,226",,,NEW,Sedan
Jolion,Jeddah,Jeddah - Palestine,"2,025",Basic,Hatchback,Silver,STS,"1,579",,,NEW,Crossover
Jolion,Jeddah,Jeddah - Palestine,"2,025",Basic,Hatchback,Silver,STS,"1,579",,,NEW,Crossover
Jolion,Jeddah,Jeddah - Palestine,"2,025",Basic,Hatchback,Silver,STS,"1,579",,,NEW,Crossover
RAV4,Riyadh,Riyadh - Al Masiaf,"2,026",STD,SUV,Black,MONTHLY,"7,429",,,NEW,Crossover
RAV4,Riyadh,Riyadh - Al Masiaf,"2,026",STD,SUV,Black,STS,"2,930",,,NEW,Crossover
Territory,Al Khobar,Al Khobar - Al Thuqbah,"2,024",STD,CUV,White,STS,"2,330",,,NEW,Crossover
Grand i10,Jeddah,Jeddah  - Al Naseem,"2,026",GLS,Sedan,White,MONTHLY,"1,959",,,NEW,Compact
Grand i10,Jeddah,Jeddah  - North,"2,026",GLS,Sedan,White,STS,,,,NEW,Compact
Pegas,Riyadh,Riyadh - Anas BinMalik,"2,026",LX,Sedan,White,MONTHLY,"1,869",,,NEW,Compact
Accent,Riyadh,Riyadh - Anas BinMalik,"2,026",Fleet,Sedan,Black,MONTHLY,"2,539",,,NEW,Compact
Pegas,Riyadh,Riyadh - Anas BinMalik,"2,026",LX,Sedan,White,STS,680,,,NEW,Compact
Pegas,Riyadh,Riyadh - Anas BinMalik,"2,026",LX,Sedan,White,STS,680,,,NEW,Compact
Accent,Riyadh,Riyadh - Anas BinMalik,"2,026",Fleet,Sedan,Black,STS,720,,,NEW,Compact
Pegas,Al Khobar,Khobar - Al Thawn,"2,026",LX,Sedan,White,MONTHLY,"2,460",,,NEW,Compact
Pegas,Dammam,Dammam - Al Qadisyyah,"2,026",LX,Sedan,White,MONTHLY,"2,449",,,NEW,Compact
Pegas,Riyadh,Riyadh - Al jazirah,"2,026",LX,Sedan,White,MONTHLY,"1,839",,,NEW,Compact
Grand i10,Jeddah,Jeddah  - North,"2,026",GLS,Sedan,White,MONTHLY,"1,959",,,NEW,Compact
Yaris,Riyadh,Riyadh - Ar Rimal - Pickup,"2,026",Y,Sedan,White,STO,"2,300","2,500",,NEW,Compact
Yaris,Jeddah,Jeddah - Al Fayha - Pickup,"2,026",Y,Sedan,White,STO,"2,300","2,500",,NEW,Compact
Yaris,Riyadh,Riyadh - Ar Rimal - Pickup,"2,026",Y,Sedan,Gray,STO,"2,300","2,500",,NEW,Compact
Yaris,Jeddah,Jeddah - Al Fayha - Pickup,"2,026",Y,Sedan,Gray,STO,"2,300","2,500",,NEW,Compact
Yaris,Jeddah,Jeddah - Al Fayha - Pickup,"2,026",Y,Sedan,Gray,STO,"2,300","2,500",,NEW,Compact
Yaris,Jeddah,Jeddah - Al Fayha - Pickup,"2,026",Y,Sedan,White,STO,"2,300","2,500",,NEW,Compact
Yaris,Jeddah,Jeddah - Al Fayha - Pickup,"2,026",Y,Sedan,White,STO,"2,300","2,500",,NEW,Compact
Yaris,Riyadh,Riyadh - Ar Rimal - Pickup,"2,026",Y,Sedan,White,STO,"2,300","2,500",,NEW,Compact
Yaris,Riyadh,Riyadh - Ar Rimal - Pickup,"2,026",Y,Sedan,Silver,STO,"2,300","2,500",,NEW,Compact
Yaris,Jeddah,Jeddah - Al Fayha - Pickup,"2,026",Y,Sedan,Silver,STO,"2,300","2,500",,NEW,Compact
Yaris,Jeddah,Jeddah - Al Fayha - Pickup,"2,026",Y,Sedan,White,STO,"2,300","2,500",,NEW,Compact
Yaris,Riyadh,Riyadh - Ar Rimal - Pickup,"2,026",Y,Sedan,Gray,STO,"2,300","2,500",,NEW,Compact
Yaris,Riyadh,Riyadh - Ar Rimal - Pickup,"2,026",Y,Sedan,Silver,STO,"2,300","2,500",,NEW,Compact
Yaris,Riyadh,Riyadh - Ar Rimal - Pickup,"2,026",Y,Sedan,Gray,STO,"2,300","2,500",,NEW,Compact
Yaris,Riyadh,Riyadh - Al Yarmuk,"2,026",Y,Sedan,White,MONTHLY,"2,539",,,NEW,Compact
Yaris,Riyadh,Riyadh - Al Faisaliyyah,"2,026",Y,Sedan,White,MONTHLY,"2,379",,,NEW,Compact
Yaris,Riyadh,Riyadh - Al Aziziyah,"2,026",Y,Sedan,White,MONTHLY,"2,379",,,NEW,Compact
Accent,Riyadh,Riyadh - Dhahrat Laban - Pickup,"2,026",Fleet,Sedan,Silver,STO,"2,500","2,700",,NEW,Compact
Accent,Riyadh,Riyadh - Dhahrat Laban - Pickup,"2,026",Fleet,Sedan,Gray,STO,"2,500","2,700",,NEW,Compact
Accent,Riyadh,Riyadh - As Sahabah,"2,026",Fleet,Sedan,White,MONTHLY,"2,569",,,NEW,Compact
Accent,Riyadh,Riyadh - As Sahabah,"2,026",Fleet,Sedan,White,MONTHLY,"2,569",,,NEW,Compact
Accent,Riyadh,Riyadh - As Sahabah,"2,026",Fleet,Sedan,White,MONTHLY,"2,569",,,NEW,Compact
Accent,Riyadh,Riyadh - As Sahabah,"2,026",Fleet,Sedan,White,MONTHLY,"2,569",,,NEW,Compact
Accent,Riyadh,Riyadh - As Sahabah,"2,026",Fleet,Sedan,White,MONTHLY,"2,569",,,NEW,Compact
Accent,Riyadh,Riyadh - As Sahabah,"2,026",Fleet,Sedan,White,MONTHLY,"2,569",,,NEW,Compact
Accent,Riyadh,Riyadh - As Sahabah,"2,026",Fleet,Sedan,Grey,MONTHLY,"2,549",,,NEW,Compact
Accent,Riyadh,Riyadh - As Sahabah,"2,026",Fleet,Sedan,Grey,STS,870,,,NEW,Compact
Accent,Riyadh,Riyadh - As Sahabah,"2,026",Fleet,Sedan,Grey,STS,870,,,NEW,Compact
Accent,Riyadh,Riyadh - As Sahabah,"2,026",Fleet,Sedan,Grey,STS,870,,,NEW,Compact
Accent,Riyadh,Riyadh - As Sahabah,"2,026",Fleet,Sedan,Grey,STS,870,,,NEW,Compact
Yaris,Riyadh,Riyadh - As Sahabah,"2,026",Y,Sedan,Grey,MONTHLY,"2,439",,,NEW,Compact
Yaris,Riyadh,Riyadh - As Sahabah,"2,026",Y,Sedan,Grey,MONTHLY,"2,439",,,NEW,Compact
Yaris,Riyadh,Riyadh - As Sahabah,"2,026",Y,Sedan,White,MONTHLY,"2,439",,,NEW,Compact
Yaris,Riyadh,Riyadh - As Sahabah,"2,026",Y,Sedan,White,MONTHLY,"2,439",,,NEW,Compact
Yaris,Riyadh,Riyadh - As Sahabah,"2,026",Y,Sedan,White,MONTHLY,"2,439",,,NEW,Compact
Yaris,Riyadh,Riyadh - As Sahabah,"2,026",Y,Sedan,White,MONTHLY,"2,439",,,NEW,Compact
Yaris,Riyadh,Riyadh - As Sahabah,"2,026",Y,Sedan,White,MONTHLY,"2,439",,,NEW,Compact
Yaris,Riyadh,Riyadh - As Sahabah,"2,026",Y,Sedan,Grey,STS,750,,,NEW,Compact
Yaris,Riyadh,Riyadh - As Sahabah,"2,026",Y,Sedan,Silver,STS,750,,,NEW,Compact
Yaris,Riyadh,Riyadh - As Sahabah,"2,026",Y,Sedan,Silver,STS,750,,,NEW,Compact
Yaris,Riyadh,Riyadh - As Sahabah,"2,026",Y,Sedan,White,STS,750,,,NEW,Compact
Yaris,Riyadh,Riyadh - As Sahabah,"2,026",Y,Sedan,White,STS,750,,,NEW,Compact
Yaris,Riyadh,Riyadh - As Sahabah,"2,026",Y,Sedan,White,STS,750,,,NEW,Compact
Yaris,Riyadh,Riyadh - As Sahabah,"2,026",Y,Sedan,White,STS,750,,,NEW,Compact
Yaris,Riyadh,Riyadh - As Sahabah,"2,026",Y,Sedan,White,STS,750,,,NEW,Compact
Yaris,Riyadh,Riyadh - As Sahabah,"2,026",Y,Sedan,White,STS,750,,,NEW,Compact
Yaris,Riyadh,Riyadh - As Sahabah,"2,026",Y,Sedan,White,STS,750,,,NEW,Compact
Yaris,Riyadh,Riyadh - As Sahabah,"2,026",Y,Sedan,White,STS,750,,,NEW,Compact
Hilux,Riyadh,Riyadh - As Sahabah,"2,026",GL2,Pickup,White,MONTHLY,"6,929",,,NEW,Pickup
Creta,Riyadh,Riyadh - Dhahrat Laban - Pickup,"2,026",Fleet,SUV,Silver,STO,"2,725","3,000",,NEW,Crossover
Creta,Riyadh,Riyadh - Dhahrat Laban - Pickup,"2,026",Fleet,SUV,White,STO,"2,725","3,000",,NEW,Crossover
Creta,Riyadh,Riyadh - Dhahrat Laban - Pickup,"2,026",Fleet,SUV,Gray,STO,"2,725","3,000",,NEW,Crossover
Emgrand,Riyadh,Riyadh - Khorreiss Road - Pickup,"2,026",STD,Sedan,White,STO,"2,150","2,400",,NEW,Sedan
Emgrand,Riyadh,Riyadh - Khorreiss Road - Pickup,"2,026",STD,Sedan,White,STO,"2,150","2,400",,NEW,Sedan
Emgrand,Riyadh,Riyadh - Khorreiss Road - Pickup,"2,026",STD,Sedan,White,STO,"2,150","2,400",,NEW,Sedan
X2,Riyadh,Ritadh - Al Areed,"2,026",T1,SUV,Black,STS,"4,820",,,NEW,Crossover
Grand i10,Riyadh,Riyadh - Al jazirah,"2,025",GLS,Sedan,White,MONTHLY,"1,929",,,NEW,Compact
Grand i10,Riyadh,Riyadh - Al jazirah,"2,025",GLS,Sedan,White,MONTHLY,"1,929",,,NEW,Compact
Grand i10,Riyadh,Riyadh - Al jazirah,"2,025",GLS,Sedan,White,MONTHLY,"1,929",,,NEW,Compact
Grand i10,Riyadh,Riyadh - Al jazirah,"2,025",GLS,Sedan,White,MONTHLY,"1,929",,,NEW,Compact
Grand i10,Riyadh,Riyadh - Al jazirah,"2,025",GLS,Sedan,White,MONTHLY,"1,929",,,NEW,Compact
Grand i10,Riyadh,Riyadh - Al jazirah,"2,025",GLS,Sedan,White,MONTHLY,"1,929",,,NEW,Compact
Dzire,Riyadh,Riyadh - Al jazirah,"2,026",GL,Sedan,White,STS,770,,,NEW,Sedan
Dzire,Riyadh,Riyadh - Al jazirah,"2,026",GL,Sedan,White,STS,770,,,NEW,Sedan
Dzire,Riyadh,Riyadh - Al jazirah,"2,026",GL,Sedan,White,STS,770,,,NEW,Sedan
Dzire,Riyadh,Riyadh - Al jazirah,"2,026",GL,Sedan,White,STS,770,,,NEW,Sedan
Pegas,Riyadh,Riyadh - Al Urubah,"2,026",LX,Sedan,Gold,STS,680,,,NEW,Compact
Yaris,Riyadh,Ritadh - Al Areed,"2,026",Y,Sedan,White,STS,830,,,NEW,Compact
Accent,Riyadh,فرع القدس - Al-Quds  branch,"2,023",Smart Plus,Sedan,White,MONTHLY,"2,129",,,NEW,Compact
Accent,Dammam,Dammam - Al Rawdah - Pickup,"2,026",Fleet,Sedan,Gray,STO,"2,350","1,400",,NEW,Compact
Accent,Jeddah,Jeddah - Ar Rabwah - Pickup,"2,026",Fleet,Sedan,Gray,STO,"2,350","1,400",,NEW,Compact
Accent,Riyadh,Riyadh - Al Quds - Pickup,"2,026",Fleet,Sedan,Gray,STO,"2,350","2,600",,NEW,Compact
Accent,Riyadh,Riyadh - Al Quds - Pickup,"2,026",Fleet,Sedan,Gray,STO,"2,350","1,400",,NEW,Compact
Accent,Dammam,Dammam - Al Rawdah - Pickup,"2,026",Fleet,Sedan,White,STO,"2,350","1,400",,NEW,Compact
Accent,Dammam,Dammam - Al Rawdah - Pickup,"2,026",Fleet,Sedan,Gray,STO,"2,350","1,400",,NEW,Compact
Creta,Dammam,Dammam - Al Rawdah - Pickup,"2,026",Smart,SUV,Silver,STO,"2,825","1,700",,NEW,Crossover
Cityray,Jeddah,Jeddah - Ar Rabwah - Pickup,"2,026",GC,SUV,Gray,STO,"2,850","1,800",,NEW,SUV
Cityray,Jeddah,Jeddah - Ar Rabwah - Pickup,"2,026",GC,SUV,Gray,STO,"2,850","1,800",,NEW,SUV
Creta,Dammam,Dammam - Al Rawdah - Pickup,"2,026",Smart,SUV,Gray,STO,"2,825","3,100",,NEW,Crossover
Elantra,Dammam,Dammam - Al Rawdah - Pickup,"2,026",Smart,Sedan,Gray,STO,"2,925","1,700",,NEW,Sedan
Cityray,Dammam,Dammam - Al Rawdah - Pickup,"2,026",GC,SUV,Silver,STO,"2,850","3,300",,NEW,SUV
Elantra,Jeddah,Jeddah - Ar Rabwah - Pickup,"2,026",Smart,Sedan,Gray,STO,"2,925","1,700",,NEW,Sedan
Elantra,Dammam,Dammam - Al Rawdah - Pickup,"2,026",Smart,Sedan,White,STO,"2,925","1,700",,NEW,Sedan
Elantra,Riyadh,Riyadh - Al Quds - Pickup,"2,026",Smart,Sedan,Gray,STO,"2,925","1,700",,NEW,Sedan
Elantra,Riyadh,Riyadh - Al Quds - Pickup,"2,026",Smart,Sedan,Gray,STO,"2,925","1,700",,NEW,Sedan
Elantra,Jeddah,Jeddah - Ar Rabwah - Pickup,"2,026",Smart,Sedan,Gray,STO,"2,925","1,700",,NEW,Sedan
Elantra,Riyadh,Riyadh - Al Quds - Pickup,"2,026",Smart,Sedan,Gray,STO,"2,925","1,700",,NEW,Sedan
Creta,Jeddah,Jeddah - Ar Rabwah - Pickup,"2,026",Smart,SUV,Silver,STO,"2,825","1,700",,NEW,Crossover
Kona,Jeddah,Jeddah - Ar Rabwah - Pickup,"2,026",Smart,Crossover,White,STO,"3,000","3,300",,NEW,Crossover
Elantra,Jeddah,Jeddah - Ar Rabwah - Pickup,"2,026",Smart,Sedan,Gray,STO,"2,925","3,200",,NEW,Sedan
Cityray,Dammam,Dammam - Al Rawdah - Pickup,"2,026",GC,SUV,Gray,STO,"2,850","3,300",,NEW,SUV
Elantra,Jeddah,Jeddah - Ar Rabwah - Pickup,"2,026",Smart,Sedan,Silver,STO,"2,925","1,700",,NEW,Sedan
Cityray,Dammam,Dammam - Al Rawdah - Pickup,"2,026",GC,SUV,Gray,STO,"2,850","1,800",,NEW,SUV
Elantra,Jeddah,Jeddah - Ar Rabwah - Pickup,"2,026",Smart,Sedan,Silver,STO,"2,925","1,700",,NEW,Sedan
Elantra,Dammam,Dammam - Al Rawdah - Pickup,"2,026",Smart,Sedan,White,STO,"2,925","1,700",,NEW,Sedan
Pegas,Riyadh,Riyadh - Sulimaniyah,"2,024",H,Sedan,White,STS,"1,079",,,NEW,Compact
Accent,Madinah,Madinah - Khalid Ibn Al Walid,"2,023",Smart Plus,Sedan,Silver,MONTHLY,"1,999",,,NEW,Compact
Rush,Riyadh,Riyadh - Al Qirawan,"2,023",STD,SUV,White,MONTHLY,"2,779",,,NEW,Crossover
X35,Riyadh,Riyadh - Al Qirawan,"2,022",STD,SUV,Blue,MONTHLY,"2,739",,,NEW,Crossover
Arrizo 5,Riyadh,Riyadh - Al-Shifa,"2,024",STD,Sedan,Grey,MONTHLY,"2,289",,,NEW,Sedan
Jolion,Riyadh,Riyadh - As Sulimaniyah - Pickup,"2,026",Basic,Hatchback,Black,STO,"2,650","1,400",,NEW,Crossover
Jolion,Riyadh,Riyadh - As Sulimaniyah - Pickup,"2,026",Basic,Hatchback,Black,STO,"2,650","1,400",,NEW,Crossover
Jolion,Jeddah,Jeddah - Al Sanabel  - Pickup,"2,026",STD,Hatchback,Black,STO,"2,650","1,400",,NEW,Crossover
Jolion,Jeddah,Jeddah - Al Sanabel  - Pickup,"2,026",STD,Hatchback,Gray,STO,"2,650","1,400",,NEW,Crossover
Jolion,Riyadh,Riyadh - As Sulimaniyah - Pickup,"2,026",Basic,Hatchback,Gray,STO,"2,650","1,400",,NEW,Crossover
Jolion,Riyadh,Riyadh - As Sulimaniyah - Pickup,"2,026",Basic,Hatchback,Gray,STO,"2,650","1,400",,NEW,Crossover
Jolion,Jeddah,Jeddah - Al Sanabel  - Pickup,"2,026",STD,Hatchback,White,STO,"2,650","1,400",,NEW,Crossover
Jolion,Jeddah,Jeddah - Al Sanabel  - Pickup,"2,026",STD,Hatchback,White,STO,"2,650","1,400",,NEW,Crossover
Jolion,Jeddah,Jeddah - Al Sanabel  - Pickup,"2,026",STD,Hatchback,White,STO,"2,650","1,400",,NEW,Crossover
Jolion,Jeddah,Jeddah - Al Sanabel  - Pickup,"2,026",STD,Hatchback,White,STO,"2,650","1,400",,NEW,Crossover
Jolion,Riyadh,Riyadh - As Sulimaniyah - Pickup,"2,026",Basic,Hatchback,Black,STO,"2,650","1,400",,NEW,Crossover
Jolion,Riyadh,Riyadh - As Sulimaniyah - Pickup,"2,026",Basic,Hatchback,Black,STO,"2,650","1,400",,NEW,Crossover
Jolion,Jeddah,Jeddah - Al Sanabel  - Pickup,"2,026",STD,Hatchback,Black,STO,"2,650","1,400",,NEW,Crossover
Jolion,Jeddah,Jeddah - Al Sanabel  - Pickup,"2,026",STD,Hatchback,Gray,STO,"2,650","1,400",,NEW,Crossover
Jolion,Jeddah,Jeddah - Al Sanabel  - Pickup,"2,026",STD,Hatchback,White,STO,"2,650","1,400",,NEW,Crossover
Jolion,Jeddah,Jeddah - Al Sanabel  - Pickup,"2,026",STD,Hatchback,Gray,STO,"2,650","1,400",,NEW,Crossover
Jolion,Riyadh,Riyadh - As Sulimaniyah - Pickup,"2,026",Basic,Hatchback,White,STO,"2,650","1,400",,NEW,Crossover
Defender,Riyadh,Ritadh - Al Areed,"2,025",STD,SUV,Black,MONTHLY,"32,719",,,NEW,SUV
Defender,Riyadh,Ritadh - Al Areed,"2,025",STD,SUV,Black,STS,"9,100",,,NEW,SUV
Sunny,Riyadh,Riyadh -  Al Yarmuk,"2,022",Classic,Sedan,White,MONTHLY,"2,109",,,NEW,Compact
Raize,Jeddah,Jeddah - Ar Rawdah,"2,026",XLE,SUV,Silver,STS,970,,,NEW,Crossover
Arrizo 5,Jeddah,Dammam - Al Itisalat,"2,023",Comfort,Sedan,Grey,MONTHLY,"1,829",,,NEW,Sedan
Arrizo 5,Jeddah,Jeddah - Bani Malik,"2,023",Comfort,Sedan,Black,MONTHLY,"1,829",,,NEW,Sedan
Pegas,Riyadh,Riyadh - Al Yarmuk,"2,026",LX,Sedan,Silver,STS,680,,,NEW,Compact
GT,Jeddah,Dammam - Al Itisalat,"2,022",STD,Sedan,Yellow,MONTHLY,"2,339",,,NEW,Sedan
GT,Jeddah,Jeddah - Al Baghdadiyah,"2,022",STD,Sedan,Yellow,MONTHLY,"2,339",,,NEW,Sedan
GT,Taif,Taif - Al Qumariyyah,"2,022",STD,Sedan,Yellow,MONTHLY,"2,339",,,NEW,Sedan
5,Jeddah,Jeddah - Bani Malik,"2,023",STD,Sedan,White,MONTHLY,"1,899",,,NEW,Compact
5,Jeddah,Jeddah - Al Baghdadiyah,"2,023",STD,Sedan,White,MONTHLY,"1,899",,,NEW,Compact
Dzire,Jeddah,Jeddah - Bani Malik,"2,022",GL,Sedan,Brown,MONTHLY,"1,789",,,NEW,Sedan
Mirage,Jeddah,Dammam - Al Itisalat,"2,022",STD,Hatchback,Silver,MONTHLY,"1,749",,,NEW,Compact
Pegas,Al Khobar,Al Khobar - Al Thuqbah,"2,026",H,Sedan,White,STS,740,,,NEW,Compact
Seltos,Riyadh,Daily Sulimaniyah Riyadh,"2,022",LX,SUV,White,STS,960,,,NEW,Crossover
Accent,Riyadh,Riyadh - Al Munsiyah,"2,025",Fleet,Sedan,Silver,MONTHLY,"2,479",,,NEW,Compact
Urban Cruiser,Riyadh,Riyadh - Al Munsiyah,"2,026",STD,Crossover,White,MONTHLY,"3,279",,,NEW,Crossover
Raize,Mecca,Makkah - Qadisyyah,"2,026",XLE,SUV,Silver,MONTHLY,"2,869",,,NEW,Crossover
Staria,Riyadh,Riyadh - Sulimaniyah,"2,026",STD,SUV,Black,MONTHLY,"6,315",,,NEW,Minivan
Staria,Riyadh,Daily Sulimaniyah Riyadh,"2,026",STD,SUV,Black,STS,"2,540",,,NEW,Minivan
Pegas,Jeddah,Jeddah - Bani Malik,"2,026",LX,Sedan,Silver,MONTHLY,"1,930",,,NEW,Compact
Sportage,Jeddah,Jeddah - Al Baghdadiyah,"2,023",LX,SUV,Silver,MONTHLY,"3,750",,,NEW,Crossover
Attrage,Jeddah,Jeddah - Al Baghdadiyah,"2,022",AT,Sedan,White,MONTHLY,"1,790",,,NEW,Compact
Xpander,Jeddah,Dammam - Al Itisalat,"2,022",STD,SUV,Silver,MONTHLY,"2,890",,,NEW,Minivan
Mirage,Jeddah,Jeddah - Al Baghdadiyah,"2,022",STD,Hatchback,Silver,MONTHLY,"1,770",,,NEW,Compact
Mirage,Jeddah,Jeddah - Al Baghdadiyah,"2,022",STD,Hatchback,Red,STS,609,,,NEW,Compact
Mirage,Jeddah,Jeddah - Bani Malik,"2,022",STD,Hatchback,Silver,STS,609,,,NEW,Compact
Dzire,Jeddah,Jeddah - Bani Malik,"2,022",GL,Sedan,Silver,STS,569,,,NEW,Sedan
Dzire,Jeddah,Jeddah - Bani Malik,"2,023",GL,Sedan,Silver,MONTHLY,"1,820",,,NEW,Sedan
Sunny,Jeddah,Jeddah - Al Nuzha,"2,022",Classic,Sedan,White,MONTHLY,"1,820",,,NEW,Compact
Sunny,Jeddah,Jeddah - Al Nuzha,"2,022",Classic,Sedan,Grey,MONTHLY,"1,820",,,NEW,Compact
Yaris,Jeddah,Dammam - Al Itisalat,"2,026",Y,Sedan,White,MONTHLY,"2,460",,,NEW,Compact
5,Jeddah,Jeddah - Al Nuzha,"2,023",STD,Sedan,White,STS,669,,,NEW,Compact
5,Jeddah,Jeddah - Al Baghdadiyah,"2,023",STD,Sedan,Silver,STS,669,,,NEW,Compact
RX8,Jeddah,Jeddah - Bani Malik,"2,022",STD,SUV,Silver,MONTHLY,"5,350",,,NEW,SUV
RX8,Jeddah,Jeddah - Bani Malik,"2,022",STD,SUV,White,STS,"2,099",,,NEW,SUV
RX8,Jeddah,Jeddah - Bani Malik,"2,022",STD,SUV,Grey,STS,"2,099",,,NEW,SUV
RX8,Jeddah,Dammam - Al Itisalat,"2,022",STD,SUV,White,STS,"2,099",,,NEW,SUV
ZS,Jeddah,Jeddah - Bani Malik,"2,022",STD,Crossover,Red,MONTHLY,"2,780",,,NEW,Crossover
ZS,Jeddah,Jeddah - Bani Malik,"2,022",STD,Crossover,Red,STS,"1,319",,,NEW,Crossover
Pegas,Jeddah,Jeddah - Ar Rawdah,"2,024",LX,Sedan,Grey,MONTHLY,"1,820",,,NEW,Compact
Cooper,Jeddah,Jeddah - Terminal 1,"2,022",STD,Hatchback,White,MONTHLY,"6,420",,,NEW,Compact
i10,Riyadh,Riyadh - ِAn Nahdah,"2,025",MPI,Sedan,White,MONTHLY,"1,870",,,NEW,Compact
i10,Riyadh,Riyadh - ِAn Nahdah 2,"2,025",MPI,Sedan,Silver,MONTHLY,"1,870",,,NEW,Compact
Pegas,Madinah,Madinah - Airport,"2,026",LX,Sedan,Silver,MONTHLY,"1,930",,,NEW,Compact
Sunny,Riyadh,Riyadh -  Al Yarmuk,"2,023",S,Sedan,White,MONTHLY,"2,250",,,NEW,Compact
Emgrand,Jeddah,Jeddah - Al-Baghdadiyah Al-Gharbiyah,"2,026",STD,Sedan,White,MONTHLY,"2,796",,,NEW,Sedan
i10,Jeddah,Jeddah - Sanabel,"2,026",MPI,Sedan,Grey,MONTHLY,"1,930",,,NEW,Compact
i10,Jeddah,Jeddah - Sanabel,"2,026",MPI,Sedan,Grey,MONTHLY,"1,930",,,NEW,Compact
Pegas,Jeddah,Jeddah - Sanabel,"2,026",LX,Sedan,Grey,MONTHLY,"1,930",,,NEW,Compact
Yaris,Dammam,Dammam - Al Rawdah,"2,026",STD,Sedan,White,MONTHLY,"2,460",,,NEW,Compact
Accent,Riyadh,Riyadh - Al Aqiq,"2,024",STD,Sedan,White,MONTHLY,"2,510",,,NEW,Compact
Accent,Dammam,Dammam - Al Jesr,"2,024",STD,Sedan,White,MONTHLY,"2,270",,,NEW,Compact
Pegas,Jeddah,Jeddah - Bani Malik,"2,026",LX,Sedan,Silver,STS,680,,,NEW,Compact
Pegas,Jeddah,Jeddah - Bani Malik,"2,026",LX,Sedan,Silver,STS,680,,,NEW,Compact
Pegas,Jeddah,Jeddah Airport - Terminal 1,"2,026",LX,Sedan,Grey,STS,680,,,NEW,Compact
Pegas,Jeddah,Jeddah Airport - Terminal 1,"2,026",LX,Sedan,Grey,STS,680,,,NEW,Compact
Dzire,Jeddah,Jeddah Airport - Terminal 1,"2,025",GL,Sedan,Red,MONTHLY,"1,870",,,NEW,Sedan
Dzire,Jeddah,Jeddah - Heraa,"2,025",GL,Sedan,Red,MONTHLY,"1,870",,,NEW,Sedan
Dzire,Jeddah,Jeddah - Al Fayha,"2,025",GL,Sedan,Blue,MONTHLY,"1,870",,,NEW,Sedan
Accent,Jeddah,Jeddah Airport - Terminal 1,"2,024",Fleet,Sedan,White,STS,790,,,NEW,Compact
Accent,Jeddah,Jeddah Airport - Terminal 1,"2,024",Fleet,Sedan,White,STS,790,,,NEW,Compact
Accent,Jeddah,Jeddah - Bani Malik,"2,024",Fleet,Sedan,White,STS,790,,,NEW,Compact
Accent,Jeddah,Jeddah - Bani Malik,"2,024",Fleet,Sedan,White,STS,790,,,NEW,Compact
Accent,Jeddah,Jeddah - Al Fayha,"2,024",Smart,Sedan,White,MONTHLY,"2,250",,,NEW,Compact
Accent,Jeddah,Jeddah - Al Fayha,"2,024",Smart,Sedan,White,MONTHLY,"2,250",,,NEW,Compact
Accent,Jeddah,Jeddah - Al Fayha,"2,024",Smart,Sedan,White,MONTHLY,"2,250",,,NEW,Compact
i10,Riyadh,Riyadh - Al Wadi,"2,024",MPI,Sedan,Grey,MONTHLY,"1,820",,,NEW,Compact
i10,Riyadh,Riyadh - Urubah,"2,024",MPI,Sedan,Blue,MONTHLY,"1,820",,,NEW,Compact
i10,Riyadh,Riyadh - Al Yarmuk,"2,024",MPI,Sedan,Silver,STS,600,,,NEW,Compact
Sunny,Riyadh,Riyadh - Al Wadi,"2,022",Classic,Sedan,White,MONTHLY,"2,780",,,USED,Compact
Tahoe,Riyadh,Riyadh Airport - Terminal 5,"2,025",STD,SUV,Black,MONTHLY,"17,120",,,NEW,SUV
Fortuner,Riyadh,Riyadh - As Sahabah,"2,026",GX2,SUV,White,STS,"3,380",,,NEW,SUV
Accent,Riyadh,Riyadh - Al Aqiq,"2,023",Smart Plus,Sedan,Grey,MONTHLY,"2,630",,,NEW,Compact
Cerato,Riyadh,Riyadh - Al Aqiq,"2,022",LX,Sedan,Silver,MONTHLY,"2,530",,,NEW,Compact
Cerato,Riyadh,Riyadh - Al Aqiq,"2,022",LX,Sedan,Silver,MONTHLY,"2,530",,,NEW,Compact
Emgrand,Riyadh,Riyadh - Sulimaniyah,"2,024",STD,Sedan,Grey,MONTHLY,"2,460",,,NEW,Sedan
Emgrand,Riyadh,Riyadh - Sulimaniyah,"2,024",STD,Sedan,Grey,MONTHLY,"2,460",,,NEW,Sedan
Emgrand,Riyadh,Riyadh - Sulimaniyah,"2,024",STD,Sedan,Grey,MONTHLY,"2,460",,,NEW,Sedan
Dzire,Riyadh,Riyadh - Al Aqiq,"2,023",GL,Sedan,Silver,MONTHLY,"1,830",,,NEW,Sedan
Pegas,Riyadh,Riyadh - Al-Qirawan ( 1 ),"2,025",LX,Sedan,White,MONTHLY,"1,980",,,NEW,Compact
Sonet,Riyadh,Riyadh - Al Yarmuk,"2,023",LX,SUV,Silver,STS,890,,,NEW,Crossover
Taurus,Riyadh,Riyadh - Al-Qirawan ( 1 ),"2,026",STD,Sedan,Black,STS,"3,140",,,NEW,Sedan
Raize,Jeddah,Jeddah - Ar Rawdah,"2,026",XLE,SUV,Silver,MONTHLY,"2,890",,,NEW,Crossover
Accent,Jeddah,Jeddah Sakr Qoraish,"2,026",STD,Sedan,White,STS,860,,,NEW,Compact
i10,Jeddah,Jeddah - Ar Rawdah,"2,026",STD,Sedan,White,STS,590,,,NEW,Compact
i10,Mecca,Makkah - Alaziziyyah,"2,026",STD,Sedan,White,STS,590,,,NEW,Compact
Pegas,Riyadh,Noon - Dhahrat Laban,"2,026",H,Sedan,Silver,STS,740,,,NEW,Compact
Pegas,Riyadh,Noon - Dhahrat Laban,"2,026",H,Sedan,Silver,STS,740,,,NEW,Compact
Pegas,Riyadh,Riyadh - Al Masiaf,"2,026",H,Sedan,Silver,STS,740,,,NEW,Compact
Pegas,Riyadh,Riyadh - Al Masiaf,"2,026",H,Sedan,Silver,STS,740,,,NEW,Compact
Yaris,Riyadh,Riyadh - Al Aqiq,"2,023",Y,Sedan,Silver,MONTHLY,"2,630",,,NEW,Compact
Accent,Madinah,Madinah - Airport,"2,023",Smart Plus,Sedan,Silver,MONTHLY,"2,030",,,NEW,Compact
Accent,Madinah,Madinah - Airport,"2,023",Smart Plus,Sedan,Silver,MONTHLY,"2,030",,,NEW,Compact
Coolray,Riyadh,Riyadh - Al Aqiq,"2,026",GS,Crossover,Grey,MONTHLY,"2,947",,,NEW,Crossover
Accent,Makah,Makah - Al Lith,"2,026",Fleet,Sedan,Grey,MONTHLY,"2,570",,,NEW,Compact
Accent,Makah,Makah - Al Lith,"2,026",Fleet,Sedan,Grey,MONTHLY,"2,570",,,NEW,Compact
Accent,Makah,Makah - Al Lith,"2,026",Fleet,Sedan,Grey,MONTHLY,"2,570",,,NEW,Compact
Dzire,Dammam,Dammam - Al Thawn,"2,025",GL,Sedan,White,MONTHLY,"1,870",,,NEW,Sedan
Elantra,Madinah,Madinah - Khalid Ibn Al Walid,"2,023",Fleet,Sedan,Grey,MONTHLY,"2,620",,,NEW,Sedan
Raize,Jeddah,Jeddah - Bani Malik,"2,023",XLE,SUV,Silver,MONTHLY,"2,140",,,USED,Crossover
Urban Cruiser,Riyadh,Riyadh - Ghirnatah,"2,026",STD,Crossover,Silver,MONTHLY,"3,740",,,NEW,Crossover
Accent,Riyadh,Riyadh - Al Wadi,"2,025",Fleet,Sedan,Black,MONTHLY,"2,410",,,NEW,Compact
Accent,Riyadh,Riyadh - Al Wadi,"2,025",Fleet,Sedan,Black,MONTHLY,"2,410",,,NEW,Compact
Pegas,Jeddah,Jeddah Airport - Terminal 1,"2,026",LX,Sedan,Silver,MONTHLY,"1,930",,,NEW,Compact
Pegas,Jeddah,Jeddah - Al Fayha,"2,026",LX,Sedan,Beige,MONTHLY,"1,930",,,NEW,Compact